Date,Team,Pass Cmp
11/08/17,Arsenal,83.0%
19/08/17,Arsenal,85.9%
27/08/17,Arsenal,80.4%
09/09/17,Arsenal,78.8%
17/09/17,Arsenal,78.4%
25/09/17,Arsenal,85.6%
01/10/17,Arsenal,86.6%
14/10/17,Arsenal,79.2%
22/10/17,Arsenal,82.4%
28/10/17,Arsenal,85.9%
05/11/17,Arsenal,81.1%
18/11/17,Arsenal,68.0%
26/11/17,Arsenal,81.8%
29/11/17,Arsenal,87.1%
02/12/17,Arsenal,82.8%
10/12/17,Arsenal,86.4%
13/12/17,Arsenal,84.7%
16/12/17,Arsenal,84.8%
22/12/17,Arsenal,74.1%
28/12/17,Arsenal,83.1%
31/12/17,Arsenal,83.4%
03/01/18,Arsenal,83.8%
14/01/18,Arsenal,73.6%
20/01/18,Arsenal,87.5%
30/01/18,Arsenal,90.6%
03/02/18,Arsenal,83.8%
10/02/18,Arsenal,79.8%
01/03/18,Arsenal,77.6%
04/03/18,Arsenal,83.0%
11/03/18,Arsenal,81.5%
01/04/18,Arsenal,83.2%
08/04/18,Arsenal,83.4%
15/04/18,Arsenal,83.1%
22/04/18,Arsenal,85.5%
29/04/18,Arsenal,81.6%
06/05/18,Arsenal,87.8%
09/05/18,Arsenal,78.8%
13/05/18,Arsenal,79.9%
12/08/18,Arsenal,77.1%
18/08/18,Arsenal,81.2%
25/08/18,Arsenal,82.2%
02/09/18,Arsenal,83.3%
15/09/18,Arsenal,83.0%
23/09/18,Arsenal,81.5%
29/09/18,Arsenal,79.8%
07/10/18,Arsenal,78.9%
22/10/18,Arsenal,84.9%
28/10/18,Arsenal,82.3%
03/11/18,Arsenal,83.8%
11/11/18,Arsenal,84.2%
25/11/18,Arsenal,79.1%
02/12/18,Arsenal,81.4%
05/12/18,Arsenal,81.0%
08/12/18,Arsenal,79.4%
16/12/18,Arsenal,85.1%
22/12/18,Arsenal,85.4%
26/12/18,Arsenal,87.5%
29/12/18,Arsenal,82.6%
01/01/19,Arsenal,77.6%
12/01/19,Arsenal,85.7%
19/01/19,Arsenal,75.7%
29/01/19,Arsenal,85.1%
03/02/19,Arsenal,77.4%
09/02/19,Arsenal,72.9%
24/02/19,Arsenal,80.6%
27/02/19,Arsenal,87.3%
02/03/19,Arsenal,60.1%
10/03/19,Arsenal,74.8%
01/04/19,Arsenal,84.5%
07/04/19,Arsenal,78.4%
15/04/19,Arsenal,85.7%
21/04/19,Arsenal,85.8%
24/04/19,Arsenal,87.5%
28/04/19,Arsenal,63.6%
05/05/19,Arsenal,82.2%
12/05/19,Arsenal,83.0%
11/08/19,Arsenal,84.1%
17/08/19,Arsenal,81.7%
24/08/19,Arsenal,84.7%
01/09/19,Arsenal,81.1%
15/09/19,Arsenal,82.9%
22/09/19,Arsenal,83.2%
30/09/19,Arsenal,74.5%
06/10/19,Arsenal,73.2%
21/10/19,Arsenal,83.8%
27/10/19,Arsenal,79.2%
02/11/19,Arsenal,82.7%
09/11/19,Arsenal,82.1%
23/11/19,Arsenal,80.6%
01/12/19,Arsenal,81.6%
05/12/19,Arsenal,80.7%
09/12/19,Arsenal,86.1%
15/12/19,Arsenal,83.9%
21/12/19,Arsenal,81.5%
26/12/19,Arsenal,85.0%
29/12/19,Arsenal,78.3%
01/01/20,Arsenal,84.2%
11/01/20,Arsenal,76.8%
18/01/20,Arsenal,79.3%
21/01/20,Arsenal,75.7%
02/02/20,Arsenal,78.2%
16/02/20,Arsenal,88.2%
23/02/20,Arsenal,83.9%
07/03/20,Arsenal,82.9%
17/06/20,Arsenal,81.4%
20/06/20,Arsenal,85.4%
25/06/20,Arsenal,76.6%
01/07/20,Arsenal,83.1%
04/07/20,Arsenal,81.9%
07/07/20,Arsenal,67.3%
12/07/20,Arsenal,86.7%
15/07/20,Arsenal,63.5%
21/07/20,Arsenal,84.6%
26/07/20,Arsenal,82.3%
12/09/20,Arsenal,88.2%
19/09/20,Arsenal,84.4%
28/09/20,Arsenal,73.4%
04/10/20,Arsenal,87.2%
17/10/20,Arsenal,82.9%
25/10/20,Arsenal,84.5%
01/11/20,Arsenal,83.3%
08/11/20,Arsenal,81.8%
22/11/20,Arsenal,68.8%
29/11/20,Arsenal,80.3%
06/12/20,Arsenal,82.4%
13/12/20,Arsenal,79.0%
16/12/20,Arsenal,76.1%
19/12/20,Arsenal,86.7%
26/12/20,Arsenal,66.8%
29/12/20,Arsenal,84.3%
02/01/21,Arsenal,80.8%
14/01/21,Arsenal,84.8%
18/01/21,Arsenal,87.2%
26/01/21,Arsenal,75.4%
30/01/21,Arsenal,79.8%
02/02/21,Arsenal,87.2%
06/02/21,Arsenal,83.6%
14/02/21,Arsenal,76.1%
21/02/21,Arsenal,83.3%
28/02/21,Arsenal,81.1%
06/03/21,Arsenal,80.2%
14/03/21,Arsenal,82.8%
21/03/21,Arsenal,84.0%
03/04/21,Arsenal,74.8%
11/04/21,Arsenal,87.5%
18/04/21,Arsenal,85.2%
23/04/21,Arsenal,88.7%
02/05/21,Arsenal,90.1%
09/05/21,Arsenal,84.3%
12/05/21,Arsenal,77.1%
19/05/21,Arsenal,83.3%
23/05/21,Arsenal,86.1%
13/08/21,Arsenal,84.2%
22/08/21,Arsenal,75.5%
28/08/21,Arsenal,68.1%
11/09/21,Arsenal,82.0%
18/09/21,Arsenal,79.4%
26/09/21,Arsenal,82.5%
02/10/21,Arsenal,74.9%
18/10/21,Arsenal,85.5%
22/10/21,Arsenal,80.1%
30/10/21,Arsenal,74.2%
07/11/21,Arsenal,81.0%
20/11/21,Arsenal,79.0%
27/11/21,Arsenal,85.5%
02/12/21,Arsenal,82.0%
06/12/21,Arsenal,81.5%
11/12/21,Arsenal,77.5%
15/12/21,Arsenal,82.1%
18/12/21,Arsenal,77.7%
26/12/21,Arsenal,83.1%
01/01/22,Arsenal,67.9%
23/01/22,Arsenal,84.3%
10/02/22,Arsenal,74.9%
19/02/22,Arsenal,81.0%
24/02/22,Arsenal,80.9%
06/03/22,Arsenal,82.1%
13/03/22,Arsenal,84.8%
16/03/22,Arsenal,79.6%
19/03/22,Arsenal,84.2%
04/04/22,Arsenal,85.3%
09/04/22,Arsenal,80.8%
16/04/22,Arsenal,85.7%
20/04/22,Arsenal,74.6%
23/04/22,Arsenal,83.8%
01/05/22,Arsenal,82.2%
08/05/22,Arsenal,87.4%
12/05/22,Arsenal,83.1%
16/05/22,Arsenal,76.7%
22/05/22,Arsenal,87.4%
12/08/17,Crystal Palace,75.0%
19/08/17,Crystal Palace,64.9%
26/08/17,Crystal Palace,81.3%
10/09/17,Crystal Palace,73.0%
16/09/17,Crystal Palace,72.9%
23/09/17,Crystal Palace,71.6%
30/09/17,Crystal Palace,76.0%
14/10/17,Crystal Palace,71.7%
21/10/17,Crystal Palace,70.8%
28/10/17,Crystal Palace,73.5%
05/11/17,Crystal Palace,64.5%
18/11/17,Crystal Palace,79.6%
25/11/17,Crystal Palace,75.4%
28/11/17,Crystal Palace,70.5%
02/12/17,Crystal Palace,70.5%
09/12/17,Crystal Palace,71.8%
12/12/17,Crystal Palace,74.7%
16/12/17,Crystal Palace,72.6%
23/12/17,Crystal Palace,74.1%
28/12/17,Crystal Palace,72.1%
31/12/17,Crystal Palace,57.1%
02/01/18,Crystal Palace,68.3%
13/01/18,Crystal Palace,65.0%
20/01/18,Crystal Palace,78.7%
30/01/18,Crystal Palace,79.8%
04/02/18,Crystal Palace,75.5%
10/02/18,Crystal Palace,74.6%
25/02/18,Crystal Palace,57.9%
05/03/18,Crystal Palace,63.5%
10/03/18,Crystal Palace,77.0%
17/03/18,Crystal Palace,68.0%
31/03/18,Crystal Palace,60.7%
07/04/18,Crystal Palace,77.8%
14/04/18,Crystal Palace,75.1%
21/04/18,Crystal Palace,70.0%
28/04/18,Crystal Palace,81.4%
05/05/18,Crystal Palace,74.2%
13/05/18,Crystal Palace,85.3%
11/08/18,Crystal Palace,73.7%
20/08/18,Crystal Palace,76.3%
26/08/18,Crystal Palace,74.0%
01/09/18,Crystal Palace,76.9%
15/09/18,Crystal Palace,77.4%
22/09/18,Crystal Palace,76.7%
01/10/18,Crystal Palace,82.1%
06/10/18,Crystal Palace,81.4%
21/10/18,Crystal Palace,70.8%
28/10/18,Crystal Palace,76.0%
04/11/18,Crystal Palace,76.8%
10/11/18,Crystal Palace,63.3%
24/11/18,Crystal Palace,74.1%
01/12/18,Crystal Palace,78.9%
04/12/18,Crystal Palace,84.0%
08/12/18,Crystal Palace,77.2%
15/12/18,Crystal Palace,71.7%
22/12/18,Crystal Palace,57.6%
26/12/18,Crystal Palace,79.6%
30/12/18,Crystal Palace,75.6%
02/01/19,Crystal Palace,77.7%
12/01/19,Crystal Palace,74.4%
19/01/19,Crystal Palace,68.6%
30/01/19,Crystal Palace,71.0%
02/02/19,Crystal Palace,72.5%
09/02/19,Crystal Palace,79.6%
23/02/19,Crystal Palace,72.0%
27/02/19,Crystal Palace,79.3%
02/03/19,Crystal Palace,65.6%
09/03/19,Crystal Palace,79.9%
30/03/19,Crystal Palace,75.3%
03/04/19,Crystal Palace,74.9%
06/04/19,Crystal Palace,74.9%
14/04/19,Crystal Palace,70.3%
21/04/19,Crystal Palace,66.8%
27/04/19,Crystal Palace,61.9%
04/05/19,Crystal Palace,74.9%
12/05/19,Crystal Palace,77.5%
10/08/19,Crystal Palace,56.3%
18/08/19,Crystal Palace,78.2%
24/08/19,Crystal Palace,59.7%
31/08/19,Crystal Palace,81.0%
14/09/19,Crystal Palace,76.3%
22/09/19,Crystal Palace,78.0%
28/09/19,Crystal Palace,78.0%
05/10/19,Crystal Palace,79.7%
19/10/19,Crystal Palace,72.6%
27/10/19,Crystal Palace,74.9%
03/11/19,Crystal Palace,75.8%
09/11/19,Crystal Palace,75.8%
23/11/19,Crystal Palace,72.7%
30/11/19,Crystal Palace,73.9%
03/12/19,Crystal Palace,69.3%
07/12/19,Crystal Palace,72.2%
16/12/19,Crystal Palace,72.3%
21/12/19,Crystal Palace,82.5%
26/12/19,Crystal Palace,81.7%
28/12/19,Crystal Palace,70.9%
01/01/20,Crystal Palace,78.7%
11/01/20,Crystal Palace,69.1%
18/01/20,Crystal Palace,63.5%
21/01/20,Crystal Palace,64.5%
01/02/20,Crystal Palace,78.4%
08/02/20,Crystal Palace,74.1%
22/02/20,Crystal Palace,74.1%
29/02/20,Crystal Palace,65.6%
07/03/20,Crystal Palace,69.3%
20/06/20,Crystal Palace,74.4%
24/06/20,Crystal Palace,72.3%
29/06/20,Crystal Palace,79.2%
04/07/20,Crystal Palace,77.5%
07/07/20,Crystal Palace,76.4%
12/07/20,Crystal Palace,77.8%
16/07/20,Crystal Palace,78.2%
20/07/20,Crystal Palace,77.5%
26/07/20,Crystal Palace,77.8%
12/09/20,Crystal Palace,51.9%
19/09/20,Crystal Palace,58.4%
26/09/20,Crystal Palace,72.8%
03/10/20,Crystal Palace,71.3%
18/10/20,Crystal Palace,66.7%
24/10/20,Crystal Palace,79.8%
30/10/20,Crystal Palace,88.3%
07/11/20,Crystal Palace,70.9%
23/11/20,Crystal Palace,75.4%
27/11/20,Crystal Palace,80.2%
06/12/20,Crystal Palace,86.5%
13/12/20,Crystal Palace,77.9%
16/12/20,Crystal Palace,76.5%
19/12/20,Crystal Palace,74.1%
26/12/20,Crystal Palace,78.2%
28/12/20,Crystal Palace,60.3%
02/01/21,Crystal Palace,71.9%
14/01/21,Crystal Palace,75.5%
17/01/21,Crystal Palace,72.6%
26/01/21,Crystal Palace,77.8%
30/01/21,Crystal Palace,86.1%
02/02/21,Crystal Palace,75.8%
08/02/21,Crystal Palace,76.0%
13/02/21,Crystal Palace,72.9%
22/02/21,Crystal Palace,65.9%
28/02/21,Crystal Palace,76.2%
03/03/21,Crystal Palace,76.7%
07/03/21,Crystal Palace,72.7%
13/03/21,Crystal Palace,67.5%
05/04/21,Crystal Palace,81.6%
10/04/21,Crystal Palace,76.8%
26/04/21,Crystal Palace,64.8%
01/05/21,Crystal Palace,70.5%
08/05/21,Crystal Palace,77.8%
11/05/21,Crystal Palace,74.3%
16/05/21,Crystal Palace,70.2%
19/05/21,Crystal Palace,66.7%
23/05/21,Crystal Palace,63.3%
14/08/21,Crystal Palace,85.8%
21/08/21,Crystal Palace,75.3%
28/08/21,Crystal Palace,81.7%
11/09/21,Crystal Palace,79.4%
18/09/21,Crystal Palace,72.9%
27/09/21,Crystal Palace,81.3%
03/10/21,Crystal Palace,79.0%
18/10/21,Crystal Palace,83.4%
23/10/21,Crystal Palace,84.7%
30/10/21,Crystal Palace,72.1%
06/11/21,Crystal Palace,83.1%
20/11/21,Crystal Palace,79.2%
27/11/21,Crystal Palace,83.6%
30/11/21,Crystal Palace,66.8%
05/12/21,Crystal Palace,71.4%
12/12/21,Crystal Palace,82.1%
15/12/21,Crystal Palace,73.1%
26/12/21,Crystal Palace,81.4%
28/12/21,Crystal Palace,76.0%
01/01/22,Crystal Palace,84.1%
14/01/22,Crystal Palace,71.7%
23/01/22,Crystal Palace,74.9%
09/02/22,Crystal Palace,82.8%
12/02/22,Crystal Palace,75.0%
19/02/22,Crystal Palace,76.6%
23/02/22,Crystal Palace,83.1%
26/02/22,Crystal Palace,74.2%
05/03/22,Crystal Palace,69.6%
14/03/22,Crystal Palace,64.4%
04/04/22,Crystal Palace,69.4%
10/04/22,Crystal Palace,83.3%
20/04/22,Crystal Palace,81.3%
25/04/22,Crystal Palace,74.5%
30/04/22,Crystal Palace,80.3%
07/05/22,Crystal Palace,82.7%
15/05/22,Crystal Palace,82.6%
19/05/22,Crystal Palace,74.2%
22/05/22,Crystal Palace,71.7%
13/08/17,Tottenham,87.7%
20/08/17,Tottenham,81.3%
27/08/17,Tottenham,83.7%
09/09/17,Tottenham,77.9%
16/09/17,Tottenham,85.6%
23/09/17,Tottenham,72.3%
30/09/17,Tottenham,79.9%
14/10/17,Tottenham,86.3%
22/10/17,Tottenham,74.8%
28/10/17,Tottenham,74.4%
05/11/17,Tottenham,80.7%
18/11/17,Tottenham,78.1%
25/11/17,Tottenham,83.9%
28/11/17,Tottenham,80.6%
02/12/17,Tottenham,77.8%
09/12/17,Tottenham,84.9%
13/12/17,Tottenham,86.6%
16/12/17,Tottenham,78.2%
23/12/17,Tottenham,78.4%
26/12/17,Tottenham,81.3%
02/01/18,Tottenham,86.3%
04/01/18,Tottenham,80.8%
13/01/18,Tottenham,81.1%
21/01/18,Tottenham,79.3%
31/01/18,Tottenham,80.0%
04/02/18,Tottenham,77.1%
10/02/18,Tottenham,79.6%
25/02/18,Tottenham,83.1%
03/03/18,Tottenham,85.8%
11/03/18,Tottenham,79.4%
01/04/18,Tottenham,80.6%
07/04/18,Tottenham,81.0%
14/04/18,Tottenham,76.4%
17/04/18,Tottenham,83.0%
30/04/18,Tottenham,83.3%
05/05/18,Tottenham,81.9%
09/05/18,Tottenham,81.1%
13/05/18,Tottenham,79.2%
11/08/18,Tottenham,80.5%
18/08/18,Tottenham,86.3%
27/08/18,Tottenham,68.3%
02/09/18,Tottenham,75.9%
15/09/18,Tottenham,79.5%
22/09/18,Tottenham,87.5%
29/09/18,Tottenham,71.7%
06/10/18,Tottenham,85.4%
20/10/18,Tottenham,84.2%
29/10/18,Tottenham,78.3%
03/11/18,Tottenham,81.9%
10/11/18,Tottenham,81.0%
24/11/18,Tottenham,75.2%
02/12/18,Tottenham,70.1%
05/12/18,Tottenham,81.1%
08/12/18,Tottenham,79.6%
15/12/18,Tottenham,82.7%
23/12/18,Tottenham,82.9%
26/12/18,Tottenham,85.6%
29/12/18,Tottenham,86.5%
01/01/19,Tottenham,90.2%
13/01/19,Tottenham,82.7%
20/01/19,Tottenham,82.3%
30/01/19,Tottenham,80.6%
02/02/19,Tottenham,84.3%
10/02/19,Tottenham,80.7%
23/02/19,Tottenham,77.7%
27/02/19,Tottenham,84.9%
02/03/19,Tottenham,76.3%
09/03/19,Tottenham,75.8%
31/03/19,Tottenham,79.1%
03/04/19,Tottenham,85.2%
13/04/19,Tottenham,86.9%
20/04/19,Tottenham,74.9%
23/04/19,Tottenham,85.1%
27/04/19,Tottenham,80.5%
04/05/19,Tottenham,77.3%
12/05/19,Tottenham,81.0%
10/08/19,Tottenham,85.4%
17/08/19,Tottenham,83.3%
25/08/19,Tottenham,87.4%
01/09/19,Tottenham,78.1%
14/09/19,Tottenham,86.7%
21/09/19,Tottenham,78.1%
28/09/19,Tottenham,76.7%
05/10/19,Tottenham,80.5%
19/10/19,Tottenham,82.5%
27/10/19,Tottenham,65.7%
03/11/19,Tottenham,78.4%
09/11/19,Tottenham,82.9%
23/11/19,Tottenham,78.7%
30/11/19,Tottenham,78.4%
04/12/19,Tottenham,76.4%
07/12/19,Tottenham,76.8%
15/12/19,Tottenham,70.7%
22/12/19,Tottenham,76.6%
26/12/19,Tottenham,77.2%
28/12/19,Tottenham,78.5%
01/01/20,Tottenham,71.9%
11/01/20,Tottenham,77.2%
18/01/20,Tottenham,80.9%
22/01/20,Tottenham,78.9%
02/02/20,Tottenham,74.3%
16/02/20,Tottenham,74.1%
22/02/20,Tottenham,80.5%
01/03/20,Tottenham,83.2%
07/03/20,Tottenham,72.4%
19/06/20,Tottenham,72.3%
23/06/20,Tottenham,84.1%
02/07/20,Tottenham,82.7%
06/07/20,Tottenham,80.0%
09/07/20,Tottenham,78.6%
12/07/20,Tottenham,78.6%
15/07/20,Tottenham,84.8%
19/07/20,Tottenham,69.8%
26/07/20,Tottenham,81.0%
13/09/20,Tottenham,83.3%
20/09/20,Tottenham,70.3%
27/09/20,Tottenham,86.7%
04/10/20,Tottenham,89.6%
18/10/20,Tottenham,80.8%
26/10/20,Tottenham,82.7%
01/11/20,Tottenham,74.1%
08/11/20,Tottenham,76.4%
21/11/20,Tottenham,72.4%
29/11/20,Tottenham,79.4%
06/12/20,Tottenham,66.3%
13/12/20,Tottenham,77.0%
16/12/20,Tottenham,61.3%
20/12/20,Tottenham,76.9%
27/12/20,Tottenham,77.9%
02/01/21,Tottenham,74.9%
13/01/21,Tottenham,79.9%
17/01/21,Tottenham,81.9%
28/01/21,Tottenham,82.8%
31/01/21,Tottenham,80.3%
04/02/21,Tottenham,80.1%
07/02/21,Tottenham,83.3%
13/02/21,Tottenham,84.9%
21/02/21,Tottenham,80.0%
28/02/21,Tottenham,82.9%
04/03/21,Tottenham,71.8%
07/03/21,Tottenham,87.1%
14/03/21,Tottenham,81.0%
21/03/21,Tottenham,77.1%
04/04/21,Tottenham,80.4%
11/04/21,Tottenham,78.2%
16/04/21,Tottenham,75.1%
21/04/21,Tottenham,83.0%
02/05/21,Tottenham,89.3%
08/05/21,Tottenham,73.7%
16/05/21,Tottenham,85.1%
19/05/21,Tottenham,82.1%
23/05/21,Tottenham,78.8%
15/08/21,Tottenham,74.8%
22/08/21,Tottenham,77.5%
29/08/21,Tottenham,84.3%
11/09/21,Tottenham,73.3%
19/09/21,Tottenham,81.2%
26/09/21,Tottenham,82.9%
03/10/21,Tottenham,77.9%
17/10/21,Tottenham,84.7%
24/10/21,Tottenham,83.9%
30/10/21,Tottenham,81.3%
07/11/21,Tottenham,83.8%
21/11/21,Tottenham,76.9%
02/12/21,Tottenham,75.0%
05/12/21,Tottenham,84.0%
19/12/21,Tottenham,75.4%
26/12/21,Tottenham,90.2%
28/12/21,Tottenham,82.0%
01/01/22,Tottenham,84.7%
19/01/22,Tottenham,86.6%
23/01/22,Tottenham,77.4%
09/02/22,Tottenham,78.2%
13/02/22,Tottenham,81.5%
19/02/22,Tottenham,78.9%
23/02/22,Tottenham,83.3%
26/02/22,Tottenham,86.7%
07/03/22,Tottenham,88.5%
12/03/22,Tottenham,85.9%
16/03/22,Tottenham,86.4%
20/03/22,Tottenham,88.3%
03/04/22,Tottenham,89.7%
09/04/22,Tottenham,86.5%
16/04/22,Tottenham,81.5%
23/04/22,Tottenham,81.9%
01/05/22,Tottenham,79.2%
07/05/22,Tottenham,74.0%
12/05/22,Tottenham,88.5%
15/05/22,Tottenham,85.1%
22/05/22,Tottenham,89.1%
12/08/17,Southampton,80.7%
19/08/17,Southampton,82.4%
26/08/17,Southampton,75.5%
09/09/17,Southampton,70.1%
16/09/17,Southampton,78.5%
23/09/17,Southampton,80.3%
30/09/17,Southampton,83.6%
15/10/17,Southampton,82.9%
21/10/17,Southampton,80.7%
29/10/17,Southampton,77.4%
04/11/17,Southampton,78.5%
18/11/17,Southampton,71.0%
26/11/17,Southampton,82.8%
29/11/17,Southampton,57.7%
03/12/17,Southampton,77.9%
10/12/17,Southampton,76.5%
13/12/17,Southampton,78.0%
16/12/17,Southampton,79.4%
23/12/17,Southampton,67.3%
26/12/17,Southampton,71.1%
30/12/17,Southampton,73.9%
02/01/18,Southampton,78.0%
13/01/18,Southampton,65.8%
21/01/18,Southampton,68.0%
31/01/18,Southampton,79.5%
03/02/18,Southampton,76.1%
11/02/18,Southampton,76.5%
24/02/18,Southampton,66.8%
03/03/18,Southampton,74.3%
10/03/18,Southampton,72.9%
31/03/18,Southampton,71.6%
08/04/18,Southampton,69.1%
14/04/18,Southampton,71.4%
19/04/18,Southampton,71.2%
28/04/18,Southampton,69.2%
05/05/18,Southampton,71.9%
08/05/18,Southampton,68.9%
13/05/18,Southampton,64.7%
12/08/18,Southampton,74.1%
18/08/18,Southampton,60.9%
25/08/18,Southampton,80.0%
01/09/18,Southampton,75.5%
17/09/18,Southampton,77.9%
22/09/18,Southampton,79.6%
29/09/18,Southampton,79.3%
07/10/18,Southampton,77.6%
20/10/18,Southampton,68.8%
27/10/18,Southampton,71.5%
04/11/18,Southampton,77.7%
10/11/18,Southampton,66.7%
24/11/18,Southampton,77.9%
01/12/18,Southampton,76.2%
05/12/18,Southampton,77.9%
08/12/18,Southampton,73.1%
16/12/18,Southampton,72.4%
22/12/18,Southampton,64.2%
27/12/18,Southampton,74.4%
30/12/18,Southampton,65.9%
02/01/19,Southampton,64.4%
12/01/19,Southampton,55.0%
19/01/19,Southampton,64.8%
30/01/19,Southampton,80.2%
02/02/19,Southampton,66.4%
09/02/19,Southampton,77.9%
24/02/19,Southampton,68.5%
27/02/19,Southampton,74.2%
02/03/19,Southampton,63.5%
09/03/19,Southampton,67.5%
30/03/19,Southampton,61.8%
05/04/19,Southampton,61.0%
13/04/19,Southampton,62.4%
20/04/19,Southampton,73.6%
23/04/19,Southampton,65.7%
27/04/19,Southampton,70.4%
04/05/19,Southampton,73.1%
12/05/19,Southampton,71.7%
10/08/19,Southampton,62.2%
17/08/19,Southampton,63.2%
24/08/19,Southampton,74.1%
31/08/19,Southampton,71.4%
14/09/19,Southampton,74.8%
20/09/19,Southampton,75.5%
28/09/19,Southampton,83.1%
06/10/19,Southampton,67.4%
19/10/19,Southampton,73.4%
25/10/19,Southampton,61.4%
02/11/19,Southampton,61.7%
09/11/19,Southampton,68.7%
23/11/19,Southampton,72.9%
30/11/19,Southampton,77.5%
04/12/19,Southampton,66.7%
08/12/19,Southampton,70.2%
14/12/19,Southampton,70.4%
21/12/19,Southampton,66.2%
26/12/19,Southampton,62.5%
28/12/19,Southampton,76.3%
01/01/20,Southampton,62.9%
11/01/20,Southampton,57.0%
18/01/20,Southampton,68.6%
21/01/20,Southampton,68.9%
01/02/20,Southampton,62.5%
15/02/20,Southampton,73.1%
22/02/20,Southampton,67.4%
29/02/20,Southampton,72.9%
07/03/20,Southampton,66.0%
19/06/20,Southampton,67.3%
25/06/20,Southampton,77.0%
28/06/20,Southampton,71.7%
05/07/20,Southampton,69.3%
09/07/20,Southampton,79.0%
13/07/20,Southampton,78.4%
16/07/20,Southampton,80.1%
19/07/20,Southampton,67.8%
26/07/20,Southampton,83.0%
12/09/20,Southampton,77.9%
20/09/20,Southampton,74.2%
26/09/20,Southampton,71.0%
04/10/20,Southampton,75.9%
17/10/20,Southampton,74.0%
25/10/20,Southampton,86.8%
01/11/20,Southampton,68.7%
06/11/20,Southampton,81.3%
23/11/20,Southampton,80.5%
29/11/20,Southampton,78.4%
07/12/20,Southampton,74.6%
13/12/20,Southampton,84.1%
16/12/20,Southampton,83.1%
19/12/20,Southampton,79.6%
26/12/20,Southampton,70.2%
29/12/20,Southampton,81.5%
04/01/21,Southampton,65.0%
16/01/21,Southampton,73.0%
26/01/21,Southampton,83.8%
30/01/21,Southampton,77.7%
02/02/21,Southampton,63.2%
06/02/21,Southampton,80.7%
14/02/21,Southampton,76.5%
20/02/21,Southampton,64.7%
23/02/21,Southampton,73.5%
01/03/21,Southampton,74.7%
06/03/21,Southampton,73.6%
10/03/21,Southampton,82.1%
14/03/21,Southampton,77.2%
04/04/21,Southampton,73.8%
12/04/21,Southampton,74.1%
21/04/21,Southampton,73.8%
30/04/21,Southampton,64.3%
08/05/21,Southampton,81.6%
11/05/21,Southampton,84.6%
15/05/21,Southampton,84.2%
18/05/21,Southampton,79.6%
23/05/21,Southampton,80.1%
14/08/21,Southampton,66.7%
22/08/21,Southampton,65.7%
28/08/21,Southampton,82.1%
11/09/21,Southampton,77.8%
18/09/21,Southampton,71.6%
26/09/21,Southampton,79.6%
02/10/21,Southampton,73.9%
16/10/21,Southampton,74.0%
23/10/21,Southampton,73.7%
30/10/21,Southampton,73.3%
05/11/21,Southampton,77.9%
20/11/21,Southampton,80.7%
27/11/21,Southampton,65.3%
01/12/21,Southampton,66.8%
04/12/21,Southampton,63.7%
11/12/21,Southampton,70.6%
15/12/21,Southampton,61.9%
26/12/21,Southampton,75.9%
28/12/21,Southampton,65.8%
11/01/22,Southampton,71.3%
15/01/22,Southampton,75.9%
22/01/22,Southampton,68.8%
09/02/22,Southampton,79.2%
12/02/22,Southampton,78.5%
19/02/22,Southampton,77.1%
25/02/22,Southampton,78.1%
05/03/22,Southampton,81.6%
10/03/22,Southampton,81.6%
13/03/22,Southampton,74.8%
02/04/22,Southampton,62.0%
09/04/22,Southampton,71.2%
16/04/22,Southampton,58.8%
21/04/22,Southampton,78.7%
24/04/22,Southampton,67.4%
30/04/22,Southampton,65.5%
07/05/22,Southampton,76.7%
17/05/22,Southampton,72.5%
22/05/22,Southampton,74.7%
12/08/17,Burnley,73.9%
19/08/17,Burnley,76.2%
27/08/17,Burnley,68.9%
10/09/17,Burnley,58.5%
16/09/17,Burnley,64.5%
23/09/17,Burnley,72.0%
01/10/17,Burnley,58.7%
14/10/17,Burnley,77.4%
21/10/17,Burnley,64.7%
30/10/17,Burnley,72.5%
04/11/17,Burnley,68.8%
18/11/17,Burnley,64.9%
26/11/17,Burnley,73.7%
29/11/17,Burnley,67.6%
02/12/17,Burnley,71.9%
09/12/17,Burnley,64.6%
12/12/17,Burnley,63.0%
16/12/17,Burnley,65.8%
23/12/17,Burnley,64.2%
26/12/17,Burnley,57.9%
30/12/17,Burnley,61.4%
01/01/18,Burnley,69.2%
13/01/18,Burnley,73.3%
20/01/18,Burnley,71.5%
31/01/18,Burnley,64.8%
03/02/18,Burnley,64.6%
10/02/18,Burnley,68.4%
24/02/18,Burnley,66.6%
03/03/18,Burnley,69.1%
10/03/18,Burnley,75.5%
31/03/18,Burnley,77.6%
07/04/18,Burnley,61.2%
14/04/18,Burnley,57.9%
19/04/18,Burnley,72.8%
22/04/18,Burnley,68.4%
28/04/18,Burnley,62.7%
06/05/18,Burnley,77.6%
13/05/18,Burnley,69.7%
12/08/18,Burnley,73.6%
19/08/18,Burnley,71.5%
26/08/18,Burnley,69.3%
02/09/18,Burnley,77.7%
16/09/18,Burnley,73.8%
22/09/18,Burnley,66.5%
30/09/18,Burnley,57.4%
06/10/18,Burnley,62.1%
20/10/18,Burnley,74.8%
28/10/18,Burnley,77.3%
03/11/18,Burnley,64.1%
10/11/18,Burnley,64.9%
26/11/18,Burnley,80.9%
01/12/18,Burnley,72.7%
05/12/18,Burnley,57.8%
08/12/18,Burnley,63.0%
15/12/18,Burnley,61.2%
22/12/18,Burnley,74.2%
26/12/18,Burnley,67.6%
30/12/18,Burnley,71.8%
02/01/19,Burnley,76.3%
12/01/19,Burnley,66.7%
19/01/19,Burnley,61.5%
29/01/19,Burnley,60.5%
02/02/19,Burnley,67.6%
09/02/19,Burnley,58.5%
23/02/19,Burnley,58.7%
26/02/19,Burnley,65.9%
02/03/19,Burnley,72.6%
10/03/19,Burnley,59.1%
16/03/19,Burnley,75.9%
30/03/19,Burnley,62.7%
06/04/19,Burnley,64.9%
13/04/19,Burnley,60.1%
22/04/19,Burnley,61.4%
28/04/19,Burnley,58.6%
03/05/19,Burnley,71.4%
12/05/19,Burnley,75.4%
10/08/19,Burnley,56.1%
17/08/19,Burnley,63.1%
25/08/19,Burnley,64.3%
31/08/19,Burnley,60.0%
14/09/19,Burnley,61.2%
21/09/19,Burnley,74.2%
28/09/19,Burnley,63.6%
05/10/19,Burnley,65.3%
19/10/19,Burnley,69.3%
26/10/19,Burnley,71.2%
02/11/19,Burnley,72.8%
09/11/19,Burnley,66.6%
23/11/19,Burnley,62.5%
30/11/19,Burnley,65.0%
03/12/19,Burnley,65.7%
07/12/19,Burnley,75.7%
14/12/19,Burnley,72.7%
21/12/19,Burnley,58.2%
26/12/19,Burnley,59.4%
28/12/19,Burnley,65.3%
01/01/20,Burnley,76.8%
11/01/20,Burnley,67.5%
19/01/20,Burnley,72.3%
22/01/20,Burnley,59.7%
02/02/20,Burnley,71.8%
15/02/20,Burnley,60.1%
22/02/20,Burnley,63.3%
29/02/20,Burnley,63.3%
07/03/20,Burnley,70.6%
22/06/20,Burnley,75.8%
25/06/20,Burnley,70.7%
29/06/20,Burnley,74.2%
05/07/20,Burnley,71.7%
08/07/20,Burnley,74.5%
11/07/20,Burnley,55.6%
15/07/20,Burnley,69.5%
18/07/20,Burnley,81.7%
26/07/20,Burnley,72.2%
20/09/20,Burnley,67.6%
26/09/20,Burnley,69.6%
03/10/20,Burnley,71.9%
19/10/20,Burnley,66.5%
26/10/20,Burnley,72.6%
31/10/20,Burnley,73.7%
06/11/20,Burnley,74.5%
23/11/20,Burnley,71.8%
28/11/20,Burnley,70.1%
05/12/20,Burnley,75.3%
13/12/20,Burnley,69.8%
17/12/20,Burnley,58.8%
21/12/20,Burnley,65.0%
27/12/20,Burnley,67.9%
29/12/20,Burnley,69.4%
12/01/21,Burnley,64.7%
16/01/21,Burnley,71.0%
21/01/21,Burnley,64.0%
27/01/21,Burnley,57.9%
31/01/21,Burnley,64.5%
03/02/21,Burnley,71.6%
06/02/21,Burnley,76.6%
13/02/21,Burnley,72.2%
17/02/21,Burnley,66.6%
20/02/21,Burnley,73.8%
28/02/21,Burnley,75.7%
03/03/21,Burnley,69.1%
06/03/21,Burnley,70.2%
13/03/21,Burnley,66.7%
04/04/21,Burnley,65.3%
11/04/21,Burnley,72.6%
18/04/21,Burnley,70.9%
25/04/21,Burnley,69.9%
03/05/21,Burnley,68.5%
10/05/21,Burnley,50.4%
15/05/21,Burnley,73.4%
19/05/21,Burnley,72.1%
23/05/21,Burnley,70.2%
14/08/21,Burnley,65.1%
21/08/21,Burnley,63.7%
29/08/21,Burnley,64.5%
13/09/21,Burnley,68.0%
18/09/21,Burnley,69.1%
25/09/21,Burnley,66.4%
02/10/21,Burnley,73.1%
16/10/21,Burnley,70.7%
23/10/21,Burnley,60.1%
30/10/21,Burnley,68.1%
06/11/21,Burnley,68.3%
20/11/21,Burnley,66.9%
01/12/21,Burnley,62.1%
04/12/21,Burnley,69.9%
12/12/21,Burnley,61.9%
30/12/21,Burnley,74.1%
02/01/22,Burnley,61.2%
23/01/22,Burnley,62.7%
05/02/22,Burnley,65.7%
08/02/22,Burnley,66.7%
13/02/22,Burnley,63.5%
19/02/22,Burnley,60.0%
23/02/22,Burnley,75.7%
26/02/22,Burnley,65.2%
01/03/22,Burnley,63.8%
05/03/22,Burnley,65.7%
12/03/22,Burnley,59.3%
02/04/22,Burnley,66.3%
06/04/22,Burnley,63.9%
10/04/22,Burnley,66.3%
17/04/22,Burnley,70.7%
21/04/22,Burnley,68.0%
24/04/22,Burnley,71.9%
30/04/22,Burnley,66.7%
07/05/22,Burnley,76.8%
15/05/22,Burnley,71.9%
19/05/22,Burnley,66.4%
22/05/22,Burnley,67.1%
11/08/17,Leicester,61.0%
19/08/17,Leicester,75.5%
26/08/17,Leicester,67.4%
09/09/17,Leicester,72.5%
16/09/17,Leicester,71.1%
23/09/17,Leicester,63.3%
30/09/17,Leicester,61.8%
16/10/17,Leicester,71.8%
21/10/17,Leicester,69.9%
29/10/17,Leicester,65.2%
04/11/17,Leicester,75.7%
18/11/17,Leicester,66.3%
24/11/17,Leicester,73.9%
28/11/17,Leicester,69.8%
02/12/17,Leicester,70.6%
09/12/17,Leicester,77.9%
13/12/17,Leicester,74.0%
16/12/17,Leicester,76.2%
23/12/17,Leicester,77.2%
26/12/17,Leicester,65.5%
30/12/17,Leicester,66.1%
01/01/18,Leicester,77.8%
13/01/18,Leicester,77.5%
20/01/18,Leicester,75.8%
31/01/18,Leicester,71.0%
03/02/18,Leicester,78.6%
10/02/18,Leicester,65.5%
24/02/18,Leicester,69.8%
03/03/18,Leicester,64.4%
10/03/18,Leicester,75.5%
31/03/18,Leicester,74.5%
07/04/18,Leicester,77.1%
14/04/18,Leicester,70.2%
19/04/18,Leicester,75.4%
28/04/18,Leicester,77.9%
05/05/18,Leicester,74.6%
09/05/18,Leicester,73.4%
13/05/18,Leicester,70.2%
10/08/18,Leicester,79.4%
18/08/18,Leicester,79.7%
25/08/18,Leicester,80.1%
01/09/18,Leicester,78.6%
15/09/18,Leicester,73.0%
22/09/18,Leicester,84.5%
29/09/18,Leicester,77.0%
06/10/18,Leicester,73.3%
22/10/18,Leicester,72.7%
27/10/18,Leicester,77.6%
03/11/18,Leicester,72.6%
10/11/18,Leicester,75.3%
24/11/18,Leicester,73.6%
01/12/18,Leicester,68.1%
05/12/18,Leicester,64.8%
08/12/18,Leicester,76.2%
15/12/18,Leicester,75.4%
22/12/18,Leicester,65.6%
26/12/18,Leicester,70.5%
29/12/18,Leicester,73.1%
01/01/19,Leicester,63.3%
12/01/19,Leicester,75.3%
19/01/19,Leicester,71.3%
30/01/19,Leicester,62.7%
03/02/19,Leicester,77.0%
10/02/19,Leicester,78.6%
23/02/19,Leicester,82.3%
26/02/19,Leicester,80.9%
03/03/19,Leicester,81.5%
09/03/19,Leicester,83.2%
16/03/19,Leicester,64.2%
30/03/19,Leicester,82.0%
06/04/19,Leicester,80.6%
12/04/19,Leicester,82.7%
20/04/19,Leicester,79.8%
28/04/19,Leicester,82.0%
06/05/19,Leicester,79.8%
12/05/19,Leicester,84.8%
11/08/19,Leicester,82.4%
18/08/19,Leicester,75.4%
24/08/19,Leicester,78.2%
31/08/19,Leicester,78.6%
14/09/19,Leicester,75.8%
21/09/19,Leicester,72.3%
29/09/19,Leicester,86.6%
05/10/19,Leicester,72.0%
19/10/19,Leicester,82.4%
25/10/19,Leicester,84.6%
03/11/19,Leicester,80.7%
09/11/19,Leicester,86.5%
23/11/19,Leicester,80.0%
01/12/19,Leicester,81.6%
04/12/19,Leicester,79.8%
08/12/19,Leicester,82.9%
14/12/19,Leicester,80.9%
21/12/19,Leicester,79.7%
26/12/19,Leicester,79.3%
28/12/19,Leicester,79.4%
01/01/20,Leicester,89.7%
11/01/20,Leicester,71.3%
19/01/20,Leicester,77.2%
22/01/20,Leicester,83.7%
01/02/20,Leicester,75.8%
14/02/20,Leicester,81.9%
22/02/20,Leicester,75.3%
28/02/20,Leicester,81.0%
09/03/20,Leicester,80.2%
20/06/20,Leicester,78.9%
23/06/20,Leicester,83.6%
01/07/20,Leicester,83.4%
04/07/20,Leicester,83.3%
07/07/20,Leicester,81.1%
12/07/20,Leicester,78.1%
16/07/20,Leicester,76.1%
19/07/20,Leicester,87.9%
26/07/20,Leicester,80.0%
13/09/20,Leicester,83.0%
20/09/20,Leicester,82.0%
27/09/20,Leicester,72.9%
04/10/20,Leicester,81.8%
18/10/20,Leicester,73.7%
25/10/20,Leicester,81.1%
02/11/20,Leicester,69.4%
08/11/20,Leicester,78.7%
22/11/20,Leicester,77.3%
30/11/20,Leicester,83.8%
06/12/20,Leicester,82.2%
13/12/20,Leicester,84.4%
16/12/20,Leicester,83.1%
20/12/20,Leicester,77.1%
26/12/20,Leicester,78.1%
28/12/20,Leicester,79.0%
03/01/21,Leicester,78.0%
16/01/21,Leicester,71.0%
19/01/21,Leicester,78.2%
27/01/21,Leicester,83.3%
31/01/21,Leicester,73.2%
03/02/21,Leicester,75.8%
07/02/21,Leicester,85.9%
13/02/21,Leicester,68.7%
21/02/21,Leicester,81.1%
28/02/21,Leicester,76.9%
03/03/21,Leicester,80.0%
06/03/21,Leicester,83.4%
14/03/21,Leicester,87.8%
03/04/21,Leicester,81.7%
11/04/21,Leicester,81.2%
22/04/21,Leicester,84.8%
26/04/21,Leicester,81.8%
30/04/21,Leicester,81.7%
07/05/21,Leicester,84.4%
11/05/21,Leicester,80.9%
18/05/21,Leicester,74.8%
23/05/21,Leicester,75.3%
14/08/21,Leicester,85.1%
23/08/21,Leicester,83.7%
28/08/21,Leicester,75.4%
11/09/21,Leicester,80.1%
19/09/21,Leicester,82.9%
25/09/21,Leicester,81.5%
03/10/21,Leicester,67.7%
16/10/21,Leicester,83.7%
24/10/21,Leicester,74.0%
30/10/21,Leicester,85.2%
07/11/21,Leicester,69.4%
20/11/21,Leicester,73.8%
28/11/21,Leicester,68.1%
01/12/21,Leicester,72.7%
05/12/21,Leicester,79.9%
12/12/21,Leicester,77.7%
26/12/21,Leicester,84.9%
28/12/21,Leicester,72.1%
19/01/22,Leicester,85.3%
23/01/22,Leicester,77.5%
10/02/22,Leicester,69.5%
13/02/22,Leicester,81.0%
20/02/22,Leicester,83.4%
01/03/22,Leicester,70.2%
05/03/22,Leicester,77.5%
13/03/22,Leicester,85.8%
20/03/22,Leicester,83.6%
02/04/22,Leicester,83.2%
10/04/22,Leicester,82.1%
17/04/22,Leicester,82.1%
20/04/22,Leicester,80.9%
23/04/22,Leicester,82.2%
01/05/22,Leicester,84.3%
08/05/22,Leicester,84.0%
11/05/22,Leicester,86.3%
15/05/22,Leicester,83.4%
19/05/22,Leicester,78.9%
22/05/22,Leicester,78.3%
12/08/17,Liverpool,73.2%
19/08/17,Liverpool,83.4%
27/08/17,Liverpool,79.6%
09/09/17,Liverpool,76.7%
16/09/17,Liverpool,83.4%
23/09/17,Liverpool,71.0%
01/10/17,Liverpool,81.8%
14/10/17,Liverpool,82.6%
22/10/17,Liverpool,83.5%
28/10/17,Liverpool,84.7%
04/11/17,Liverpool,76.7%
18/11/17,Liverpool,82.0%
25/11/17,Liverpool,84.8%
29/11/17,Liverpool,79.4%
02/12/17,Liverpool,86.9%
10/12/17,Liverpool,83.7%
13/12/17,Liverpool,84.6%
17/12/17,Liverpool,86.3%
22/12/17,Liverpool,75.1%
26/12/17,Liverpool,85.6%
30/12/17,Liverpool,78.6%
01/01/18,Liverpool,78.2%
14/01/18,Liverpool,72.9%
22/01/18,Liverpool,85.5%
30/01/18,Liverpool,87.1%
04/02/18,Liverpool,65.9%
11/02/18,Liverpool,77.3%
24/02/18,Liverpool,83.5%
03/03/18,Liverpool,84.2%
10/03/18,Liverpool,79.5%
17/03/18,Liverpool,80.0%
31/03/18,Liverpool,81.3%
07/04/18,Liverpool,78.1%
14/04/18,Liverpool,83.6%
21/04/18,Liverpool,83.4%
28/04/18,Liverpool,79.7%
06/05/18,Liverpool,85.9%
13/05/18,Liverpool,87.9%
12/08/18,Liverpool,87.7%
20/08/18,Liverpool,86.7%
25/08/18,Liverpool,85.4%
01/09/18,Liverpool,78.5%
15/09/18,Liverpool,73.6%
22/09/18,Liverpool,85.1%
29/09/18,Liverpool,82.3%
07/10/18,Liverpool,80.7%
20/10/18,Liverpool,79.5%
27/10/18,Liverpool,86.8%
03/11/18,Liverpool,74.8%
11/11/18,Liverpool,85.4%
24/11/18,Liverpool,81.2%
02/12/18,Liverpool,77.8%
05/12/18,Liverpool,83.6%
08/12/18,Liverpool,82.6%
16/12/18,Liverpool,78.3%
21/12/18,Liverpool,83.8%
26/12/18,Liverpool,85.1%
29/12/18,Liverpool,82.2%
03/01/19,Liverpool,78.6%
12/01/19,Liverpool,84.4%
19/01/19,Liverpool,84.9%
30/01/19,Liverpool,85.0%
04/02/19,Liverpool,83.4%
09/02/19,Liverpool,87.0%
24/02/19,Liverpool,81.8%
27/02/19,Liverpool,83.6%
03/03/19,Liverpool,73.6%
10/03/19,Liverpool,80.2%
17/03/19,Liverpool,81.6%
31/03/19,Liverpool,78.2%
05/04/19,Liverpool,80.4%
14/04/19,Liverpool,83.8%
21/04/19,Liverpool,84.7%
26/04/19,Liverpool,86.4%
04/05/19,Liverpool,82.9%
12/05/19,Liverpool,82.3%
09/08/19,Liverpool,77.7%
17/08/19,Liverpool,76.3%
24/08/19,Liverpool,83.1%
31/08/19,Liverpool,76.0%
14/09/19,Liverpool,87.9%
22/09/19,Liverpool,72.9%
28/09/19,Liverpool,84.0%
05/10/19,Liverpool,76.4%
20/10/19,Liverpool,82.0%
27/10/19,Liverpool,81.4%
02/11/19,Liverpool,81.0%
10/11/19,Liverpool,76.2%
23/11/19,Liverpool,79.3%
30/11/19,Liverpool,79.4%
04/12/19,Liverpool,79.0%
07/12/19,Liverpool,87.0%
14/12/19,Liverpool,80.1%
26/12/19,Liverpool,82.4%
29/12/19,Liverpool,84.2%
02/01/20,Liverpool,88.5%
11/01/20,Liverpool,85.3%
19/01/20,Liverpool,76.1%
23/01/20,Liverpool,83.1%
29/01/20,Liverpool,87.3%
01/02/20,Liverpool,74.5%
15/02/20,Liverpool,81.2%
24/02/20,Liverpool,81.6%
29/02/20,Liverpool,82.0%
07/03/20,Liverpool,82.8%
21/06/20,Liverpool,83.0%
12/09/20,Liverpool,73.6%
20/09/20,Liverpool,87.1%
28/09/20,Liverpool,86.5%
04/10/20,Liverpool,83.5%
17/10/20,Liverpool,81.2%
24/10/20,Liverpool,84.4%
31/10/20,Liverpool,87.2%
08/11/20,Liverpool,79.6%
22/11/20,Liverpool,83.3%
28/11/20,Liverpool,80.4%
06/12/20,Liverpool,87.6%
13/12/20,Liverpool,83.9%
16/12/20,Liverpool,85.9%
19/12/20,Liverpool,86.7%
27/12/20,Liverpool,86.2%
30/12/20,Liverpool,83.0%
04/01/21,Liverpool,78.3%
17/01/21,Liverpool,84.3%
21/01/21,Liverpool,81.9%
28/01/21,Liverpool,84.5%
31/01/21,Liverpool,88.1%
03/02/21,Liverpool,83.2%
07/02/21,Liverpool,86.1%
13/02/21,Liverpool,78.9%
20/02/21,Liverpool,85.2%
28/02/21,Liverpool,82.9%
04/03/21,Liverpool,85.6%
07/03/21,Liverpool,81.0%
15/03/21,Liverpool,75.3%
03/04/21,Liverpool,85.0%
10/04/21,Liverpool,80.3%
19/04/21,Liverpool,75.4%
24/04/21,Liverpool,89.4%
08/05/21,Liverpool,84.4%
13/05/21,Liverpool,78.1%
16/05/21,Liverpool,84.8%
19/05/21,Liverpool,83.0%
23/05/21,Liverpool,83.2%
14/08/21,Liverpool,82.0%
21/08/21,Liverpool,80.5%
28/08/21,Liverpool,83.2%
12/09/21,Liverpool,83.1%
18/09/21,Liverpool,80.7%
25/09/21,Liverpool,80.7%
03/10/21,Liverpool,82.5%
16/10/21,Liverpool,85.5%
24/10/21,Liverpool,88.3%
30/10/21,Liverpool,84.3%
07/11/21,Liverpool,84.4%
20/11/21,Liverpool,86.7%
27/11/21,Liverpool,79.7%
01/12/21,Liverpool,79.7%
04/12/21,Liverpool,82.7%
11/12/21,Liverpool,80.1%
16/12/21,Liverpool,83.4%
19/12/21,Liverpool,79.2%
28/12/21,Liverpool,78.2%
02/01/22,Liverpool,75.5%
16/01/22,Liverpool,79.9%
23/01/22,Liverpool,78.7%
10/02/22,Liverpool,82.2%
13/02/22,Liverpool,80.6%
19/02/22,Liverpool,85.6%
23/02/22,Liverpool,85.9%
05/03/22,Liverpool,85.2%
12/03/22,Liverpool,77.0%
16/03/22,Liverpool,79.9%
02/04/22,Liverpool,83.7%
10/04/22,Liverpool,80.3%
19/04/22,Liverpool,89.9%
24/04/22,Liverpool,86.0%
30/04/22,Liverpool,81.8%
07/05/22,Liverpool,81.7%
10/05/22,Liverpool,81.4%
17/05/22,Liverpool,86.3%
22/05/22,Liverpool,86.6%
13/08/17,Man United,82.2%
19/08/17,Man United,85.1%
26/08/17,Man United,83.4%
09/09/17,Man United,83.6%
17/09/17,Man United,80.2%
23/09/17,Man United,76.6%
30/09/17,Man United,82.7%
14/10/17,Man United,72.8%
21/10/17,Man United,84.2%
28/10/17,Man United,67.8%
05/11/17,Man United,74.4%
18/11/17,Man United,84.0%
25/11/17,Man United,81.4%
28/11/17,Man United,73.1%
02/12/17,Man United,66.7%
10/12/17,Man United,68.9%
13/12/17,Man United,82.4%
17/12/17,Man United,81.7%
23/12/17,Man United,79.1%
26/12/17,Man United,80.3%
30/12/17,Man United,81.4%
01/01/18,Man United,83.3%
15/01/18,Man United,87.6%
20/01/18,Man United,77.0%
31/01/18,Man United,77.3%
03/02/18,Man United,87.5%
11/02/18,Man United,78.4%
25/02/18,Man United,79.4%
05/03/18,Man United,82.3%
10/03/18,Man United,67.5%
31/03/18,Man United,88.3%
07/04/18,Man United,74.6%
15/04/18,Man United,86.0%
18/04/18,Man United,82.1%
29/04/18,Man United,85.8%
04/05/18,Man United,86.8%
10/05/18,Man United,85.0%
13/05/18,Man United,78.5%
10/08/18,Man United,80.1%
19/08/18,Man United,82.9%
27/08/18,Man United,75.2%
02/09/18,Man United,83.6%
15/09/18,Man United,78.3%
22/09/18,Man United,83.4%
29/09/18,Man United,81.3%
06/10/18,Man United,80.4%
20/10/18,Man United,74.7%
28/10/18,Man United,77.5%
03/11/18,Man United,76.5%
11/11/18,Man United,81.9%
24/11/18,Man United,79.2%
01/12/18,Man United,81.0%
05/12/18,Man United,78.7%
08/12/18,Man United,83.4%
16/12/18,Man United,65.1%
22/12/18,Man United,85.4%
26/12/18,Man United,82.2%
30/12/18,Man United,89.2%
02/01/19,Man United,86.3%
13/01/19,Man United,73.7%
19/01/19,Man United,82.9%
29/01/19,Man United,84.2%
03/02/19,Man United,80.3%
09/02/19,Man United,76.0%
24/02/19,Man United,72.5%
27/02/19,Man United,79.8%
02/03/19,Man United,78.4%
10/03/19,Man United,79.9%
30/03/19,Man United,77.7%
02/04/19,Man United,79.6%
13/04/19,Man United,74.5%
21/04/19,Man United,76.6%
24/04/19,Man United,77.6%
28/04/19,Man United,81.7%
05/05/19,Man United,83.8%
12/05/19,Man United,83.1%
11/08/19,Man United,79.4%
19/08/19,Man United,85.2%
24/08/19,Man United,83.5%
31/08/19,Man United,77.4%
14/09/19,Man United,75.0%
22/09/19,Man United,80.8%
30/09/19,Man United,77.8%
06/10/19,Man United,84.1%
20/10/19,Man United,64.5%
27/10/19,Man United,82.0%
02/11/19,Man United,75.4%
10/11/19,Man United,77.4%
24/11/19,Man United,80.4%
01/12/19,Man United,82.5%
04/12/19,Man United,74.5%
07/12/19,Man United,72.3%
15/12/19,Man United,82.4%
22/12/19,Man United,82.6%
26/12/19,Man United,88.7%
28/12/19,Man United,79.9%
01/01/20,Man United,83.6%
11/01/20,Man United,84.2%
19/01/20,Man United,75.9%
22/01/20,Man United,83.3%
01/02/20,Man United,86.4%
17/02/20,Man United,78.1%
23/02/20,Man United,79.7%
01/03/20,Man United,74.6%
08/03/20,Man United,72.2%
19/06/20,Man United,81.1%
24/06/20,Man United,89.5%
30/06/20,Man United,86.8%
04/07/20,Man United,86.5%
09/07/20,Man United,87.1%
13/07/20,Man United,78.2%
16/07/20,Man United,86.2%
22/07/20,Man United,85.4%
26/07/20,Man United,81.7%
19/09/20,Man United,83.6%
26/09/20,Man United,82.1%
04/10/20,Man United,82.4%
17/10/20,Man United,84.0%
24/10/20,Man United,81.1%
01/11/20,Man United,83.3%
07/11/20,Man United,81.2%
21/11/20,Man United,83.0%
29/11/20,Man United,79.2%
05/12/20,Man United,85.3%
12/12/20,Man United,84.4%
17/12/20,Man United,82.7%
20/12/20,Man United,75.6%
26/12/20,Man United,78.4%
29/12/20,Man United,85.4%
01/01/21,Man United,79.8%
12/01/21,Man United,81.7%
17/01/21,Man United,71.8%
20/01/21,Man United,83.3%
27/01/21,Man United,87.0%
30/01/21,Man United,83.9%
02/02/21,Man United,85.7%
06/02/21,Man United,87.7%
14/02/21,Man United,83.9%
21/02/21,Man United,85.5%
28/02/21,Man United,80.5%
03/03/21,Man United,84.5%
07/03/21,Man United,78.2%
14/03/21,Man United,88.5%
04/04/21,Man United,82.7%
11/04/21,Man United,81.7%
18/04/21,Man United,86.6%
25/04/21,Man United,83.9%
09/05/21,Man United,83.9%
11/05/21,Man United,81.6%
13/05/21,Man United,77.7%
18/05/21,Man United,83.0%
23/05/21,Man United,86.0%
14/08/21,Man United,78.1%
22/08/21,Man United,78.6%
29/08/21,Man United,84.1%
11/09/21,Man United,87.8%
19/09/21,Man United,86.8%
25/09/21,Man United,75.1%
02/10/21,Man United,84.8%
16/10/21,Man United,84.1%
24/10/21,Man United,78.1%
30/10/21,Man United,80.0%
06/11/21,Man United,79.7%
20/11/21,Man United,78.8%
28/11/21,Man United,72.5%
02/12/21,Man United,80.0%
05/12/21,Man United,80.7%
11/12/21,Man United,80.3%
27/12/21,Man United,78.9%
30/12/21,Man United,75.5%
03/01/22,Man United,78.3%
15/01/22,Man United,81.1%
19/01/22,Man United,76.4%
22/01/22,Man United,80.2%
08/02/22,Man United,78.9%
12/02/22,Man United,79.5%
15/02/22,Man United,79.1%
20/02/22,Man United,72.4%
26/02/22,Man United,83.1%
06/03/22,Man United,81.0%
12/03/22,Man United,84.2%
02/04/22,Man United,84.2%
09/04/22,Man United,79.9%
16/04/22,Man United,87.5%
19/04/22,Man United,73.4%
23/04/22,Man United,79.4%
28/04/22,Man United,76.5%
02/05/22,Man United,90.0%
07/05/22,Man United,81.8%
22/05/22,Man United,80.1%
12/08/17,Chelsea,82.4%
20/08/17,Chelsea,68.7%
27/08/17,Chelsea,83.2%
09/09/17,Chelsea,81.1%
17/09/17,Chelsea,76.6%
23/09/17,Chelsea,84.3%
30/09/17,Chelsea,76.7%
14/10/17,Chelsea,79.7%
21/10/17,Chelsea,78.6%
28/10/17,Chelsea,85.0%
05/11/17,Chelsea,76.0%
18/11/17,Chelsea,84.9%
25/11/17,Chelsea,80.0%
29/11/17,Chelsea,81.3%
02/12/17,Chelsea,84.6%
09/12/17,Chelsea,84.0%
12/12/17,Chelsea,89.2%
16/12/17,Chelsea,83.9%
23/12/17,Chelsea,80.4%
26/12/17,Chelsea,86.5%
30/12/17,Chelsea,88.5%
03/01/18,Chelsea,79.6%
13/01/18,Chelsea,80.5%
20/01/18,Chelsea,84.9%
31/01/18,Chelsea,82.0%
05/02/18,Chelsea,81.6%
12/02/18,Chelsea,82.3%
25/02/18,Chelsea,83.5%
04/03/18,Chelsea,75.8%
10/03/18,Chelsea,84.5%
01/04/18,Chelsea,75.4%
08/04/18,Chelsea,83.4%
14/04/18,Chelsea,78.4%
19/04/18,Chelsea,83.3%
28/04/18,Chelsea,85.6%
06/05/18,Chelsea,71.2%
09/05/18,Chelsea,83.9%
13/05/18,Chelsea,84.5%
11/08/18,Chelsea,87.7%
18/08/18,Chelsea,87.3%
26/08/18,Chelsea,89.8%
01/09/18,Chelsea,85.1%
15/09/18,Chelsea,86.5%
23/09/18,Chelsea,85.4%
29/09/18,Chelsea,82.1%
07/10/18,Chelsea,86.0%
20/10/18,Chelsea,87.1%
28/10/18,Chelsea,89.9%
04/11/18,Chelsea,89.1%
11/11/18,Chelsea,87.6%
24/11/18,Chelsea,82.7%
02/12/18,Chelsea,87.7%
05/12/18,Chelsea,86.6%
08/12/18,Chelsea,81.9%
16/12/18,Chelsea,86.3%
22/12/18,Chelsea,84.0%
26/12/18,Chelsea,87.2%
30/12/18,Chelsea,86.8%
02/01/19,Chelsea,82.9%
12/01/19,Chelsea,83.3%
19/01/19,Chelsea,85.1%
30/01/19,Chelsea,85.9%
02/02/19,Chelsea,87.1%
10/02/19,Chelsea,87.2%
27/02/19,Chelsea,80.4%
03/03/19,Chelsea,89.4%
10/03/19,Chelsea,87.4%
17/03/19,Chelsea,82.9%
31/03/19,Chelsea,82.3%
03/04/19,Chelsea,89.6%
08/04/19,Chelsea,83.0%
14/04/19,Chelsea,78.7%
22/04/19,Chelsea,83.6%
28/04/19,Chelsea,82.6%
05/05/19,Chelsea,82.3%
12/05/19,Chelsea,85.0%
11/08/19,Chelsea,82.7%
18/08/19,Chelsea,76.5%
24/08/19,Chelsea,82.3%
31/08/19,Chelsea,85.9%
14/09/19,Chelsea,83.9%
22/09/19,Chelsea,77.5%
28/09/19,Chelsea,84.6%
06/10/19,Chelsea,74.7%
19/10/19,Chelsea,84.2%
26/10/19,Chelsea,83.9%
02/11/19,Chelsea,88.6%
09/11/19,Chelsea,84.8%
23/11/19,Chelsea,87.6%
30/11/19,Chelsea,84.0%
04/12/19,Chelsea,84.9%
07/12/19,Chelsea,83.4%
14/12/19,Chelsea,78.8%
22/12/19,Chelsea,79.7%
26/12/19,Chelsea,78.0%
29/12/19,Chelsea,81.5%
01/01/20,Chelsea,79.2%
11/01/20,Chelsea,80.9%
18/01/20,Chelsea,82.3%
21/01/20,Chelsea,84.3%
01/02/20,Chelsea,77.1%
17/02/20,Chelsea,84.4%
22/02/20,Chelsea,81.7%
29/02/20,Chelsea,84.6%
08/03/20,Chelsea,87.3%
21/06/20,Chelsea,82.8%
25/06/20,Chelsea,80.8%
01/07/20,Chelsea,86.1%
04/07/20,Chelsea,88.9%
07/07/20,Chelsea,81.9%
11/07/20,Chelsea,85.9%
14/07/20,Chelsea,87.8%
22/07/20,Chelsea,81.4%
26/07/20,Chelsea,81.9%
14/09/20,Chelsea,82.0%
20/09/20,Chelsea,84.4%
26/09/20,Chelsea,86.4%
03/10/20,Chelsea,88.1%
17/10/20,Chelsea,81.1%
24/10/20,Chelsea,81.1%
31/10/20,Chelsea,86.1%
07/11/20,Chelsea,87.0%
21/11/20,Chelsea,88.7%
29/11/20,Chelsea,86.7%
05/12/20,Chelsea,77.6%
12/12/20,Chelsea,81.6%
15/12/20,Chelsea,82.4%
21/12/20,Chelsea,81.3%
26/12/20,Chelsea,81.3%
28/12/20,Chelsea,79.9%
03/01/21,Chelsea,88.2%
16/01/21,Chelsea,85.5%
19/01/21,Chelsea,86.8%
27/01/21,Chelsea,89.7%
31/01/21,Chelsea,85.5%
04/02/21,Chelsea,86.7%
07/02/21,Chelsea,85.6%
15/02/21,Chelsea,85.8%
20/02/21,Chelsea,84.0%
28/02/21,Chelsea,87.0%
04/03/21,Chelsea,83.6%
08/03/21,Chelsea,88.4%
13/03/21,Chelsea,82.5%
03/04/21,Chelsea,83.7%
10/04/21,Chelsea,87.7%
20/04/21,Chelsea,87.5%
24/04/21,Chelsea,82.4%
01/05/21,Chelsea,83.8%
08/05/21,Chelsea,88.0%
12/05/21,Chelsea,87.2%
18/05/21,Chelsea,83.4%
23/05/21,Chelsea,84.4%
14/08/21,Chelsea,89.8%
22/08/21,Chelsea,87.7%
28/08/21,Chelsea,71.5%
11/09/21,Chelsea,81.1%
19/09/21,Chelsea,84.5%
25/09/21,Chelsea,79.9%
02/10/21,Chelsea,84.1%
16/10/21,Chelsea,81.8%
23/10/21,Chelsea,89.0%
30/10/21,Chelsea,87.9%
06/11/21,Chelsea,85.3%
20/11/21,Chelsea,83.9%
28/11/21,Chelsea,83.0%
01/12/21,Chelsea,70.7%
04/12/21,Chelsea,83.0%
11/12/21,Chelsea,82.8%
16/12/21,Chelsea,88.9%
19/12/21,Chelsea,84.7%
26/12/21,Chelsea,86.2%
29/12/21,Chelsea,77.7%
02/01/22,Chelsea,79.6%
15/01/22,Chelsea,82.8%
18/01/22,Chelsea,84.1%
23/01/22,Chelsea,84.7%
19/02/22,Chelsea,81.2%
05/03/22,Chelsea,88.7%
10/03/22,Chelsea,90.6%
13/03/22,Chelsea,83.9%
02/04/22,Chelsea,87.2%
09/04/22,Chelsea,88.1%
20/04/22,Chelsea,84.3%
24/04/22,Chelsea,86.5%
28/04/22,Chelsea,85.9%
01/05/22,Chelsea,86.5%
07/05/22,Chelsea,83.6%
11/05/22,Chelsea,89.3%
19/05/22,Chelsea,90.3%
22/05/22,Chelsea,89.4%
12/08/17,Man City,87.6%
21/08/17,Man City,79.9%
26/08/17,Man City,84.3%
09/09/17,Man City,88.2%
16/09/17,Man City,88.0%
23/09/17,Man City,89.1%
30/09/17,Man City,86.9%
14/10/17,Man City,90.2%
21/10/17,Man City,88.8%
28/10/17,Man City,89.8%
05/11/17,Man City,85.6%
18/11/17,Man City,88.3%
26/11/17,Man City,86.0%
29/11/17,Man City,84.3%
03/12/17,Man City,85.9%
10/12/17,Man City,81.8%
13/12/17,Man City,90.5%
16/12/17,Man City,79.4%
23/12/17,Man City,89.8%
27/12/17,Man City,88.0%
31/12/17,Man City,85.6%
02/01/18,Man City,90.1%
14/01/18,Man City,84.3%
20/01/18,Man City,87.5%
31/01/18,Man City,85.7%
03/02/18,Man City,85.3%
10/02/18,Man City,85.6%
01/03/18,Man City,85.0%
04/03/18,Man City,91.1%
12/03/18,Man City,88.5%
31/03/18,Man City,91.5%
07/04/18,Man City,85.5%
14/04/18,Man City,82.1%
22/04/18,Man City,91.1%
29/04/18,Man City,91.2%
06/05/18,Man City,84.8%
09/05/18,Man City,90.8%
13/05/18,Man City,83.2%
12/08/18,Man City,81.9%
19/08/18,Man City,90.8%
25/08/18,Man City,86.1%
01/09/18,Man City,88.3%
15/09/18,Man City,89.0%
22/09/18,Man City,89.2%
29/09/18,Man City,90.9%
07/10/18,Man City,80.7%
20/10/18,Man City,86.7%
29/10/18,Man City,81.5%
04/11/18,Man City,90.3%
11/11/18,Man City,89.1%
24/11/18,Man City,88.5%
01/12/18,Man City,89.3%
04/12/18,Man City,85.7%
08/12/18,Man City,85.7%
15/12/18,Man City,85.4%
22/12/18,Man City,85.3%
26/12/18,Man City,82.4%
30/12/18,Man City,87.6%
03/01/19,Man City,79.9%
14/01/19,Man City,89.4%
20/01/19,Man City,86.8%
29/01/19,Man City,86.5%
03/02/19,Man City,85.2%
06/02/19,Man City,83.5%
10/02/19,Man City,92.3%
27/02/19,Man City,84.6%
02/03/19,Man City,88.2%
09/03/19,Man City,88.7%
30/03/19,Man City,88.2%
03/04/19,Man City,89.0%
14/04/19,Man City,87.1%
20/04/19,Man City,85.2%
24/04/19,Man City,86.1%
28/04/19,Man City,83.6%
06/05/19,Man City,83.9%
12/05/19,Man City,90.5%
10/08/19,Man City,85.5%
17/08/19,Man City,86.8%
25/08/19,Man City,88.2%
31/08/19,Man City,87.8%
14/09/19,Man City,84.4%
21/09/19,Man City,88.6%
28/09/19,Man City,89.4%
06/10/19,Man City,85.9%
19/10/19,Man City,85.1%
26/10/19,Man City,86.3%
02/11/19,Man City,82.2%
10/11/19,Man City,79.2%
23/11/19,Man City,83.4%
30/11/19,Man City,85.5%
03/12/19,Man City,86.3%
07/12/19,Man City,84.9%
15/12/19,Man City,89.4%
21/12/19,Man City,88.6%
27/12/19,Man City,78.8%
29/12/19,Man City,89.5%
01/01/20,Man City,89.1%
12/01/20,Man City,91.2%
18/01/20,Man City,85.3%
21/01/20,Man City,84.5%
02/02/20,Man City,85.8%
19/02/20,Man City,88.7%
22/02/20,Man City,87.2%
08/03/20,Man City,85.8%
17/06/20,Man City,91.7%
22/06/20,Man City,90.9%
25/06/20,Man City,89.3%
02/07/20,Man City,82.9%
05/07/20,Man City,85.8%
08/07/20,Man City,91.6%
11/07/20,Man City,89.1%
15/07/20,Man City,87.0%
21/07/20,Man City,87.5%
26/07/20,Man City,89.7%
21/09/20,Man City,86.0%
27/09/20,Man City,87.5%
03/10/20,Man City,79.1%
17/10/20,Man City,87.7%
24/10/20,Man City,87.6%
31/10/20,Man City,86.7%
08/11/20,Man City,84.1%
21/11/20,Man City,85.6%
28/11/20,Man City,88.0%
05/12/20,Man City,88.8%
12/12/20,Man City,85.0%
15/12/20,Man City,87.7%
19/12/20,Man City,84.1%
26/12/20,Man City,89.6%
03/01/21,Man City,87.3%
13/01/21,Man City,88.0%
17/01/21,Man City,88.2%
20/01/21,Man City,84.8%
26/01/21,Man City,89.9%
30/01/21,Man City,89.2%
03/02/21,Man City,90.8%
07/02/21,Man City,84.7%
13/02/21,Man City,90.0%
17/02/21,Man City,87.9%
21/02/21,Man City,87.7%
27/02/21,Man City,87.5%
02/03/21,Man City,89.5%
07/03/21,Man City,88.2%
10/03/21,Man City,90.1%
13/03/21,Man City,83.8%
03/04/21,Man City,86.0%
10/04/21,Man City,85.9%
21/04/21,Man City,90.1%
01/05/21,Man City,86.1%
08/05/21,Man City,89.1%
14/05/21,Man City,92.3%
18/05/21,Man City,82.5%
23/05/21,Man City,90.6%
15/08/21,Man City,81.9%
21/08/21,Man City,90.8%
28/08/21,Man City,88.7%
11/09/21,Man City,86.6%
18/09/21,Man City,85.1%
25/09/21,Man City,84.8%
03/10/21,Man City,81.9%
16/10/21,Man City,87.5%
23/10/21,Man City,86.3%
30/10/21,Man City,83.1%
06/11/21,Man City,89.9%
21/11/21,Man City,91.6%
28/11/21,Man City,88.3%
01/12/21,Man City,87.6%
04/12/21,Man City,90.2%
11/12/21,Man City,88.4%
14/12/21,Man City,90.2%
19/12/21,Man City,90.3%
26/12/21,Man City,92.0%
29/12/21,Man City,86.3%
01/01/22,Man City,87.8%
15/01/22,Man City,84.3%
22/01/22,Man City,86.4%
09/02/22,Man City,85.9%
12/02/22,Man City,87.9%
19/02/22,Man City,87.6%
26/02/22,Man City,85.9%
06/03/22,Man City,91.5%
14/03/22,Man City,85.5%
02/04/22,Man City,87.5%
10/04/22,Man City,83.4%
20/04/22,Man City,86.4%
23/04/22,Man City,86.9%
30/04/22,Man City,86.7%
08/05/22,Man City,88.9%
11/05/22,Man City,90.2%
15/05/22,Man City,87.5%
22/05/22,Man City,84.8%
12/08/17,Everton,78.0%
21/08/17,Everton,64.7%
27/08/17,Everton,78.8%
09/09/17,Everton,77.3%
17/09/17,Everton,80.3%
23/09/17,Everton,76.0%
01/10/17,Everton,76.0%
15/10/17,Everton,76.9%
22/10/17,Everton,68.3%
29/10/17,Everton,76.4%
05/11/17,Everton,64.8%
18/11/17,Everton,62.4%
26/11/17,Everton,70.0%
29/11/17,Everton,76.7%
02/12/17,Everton,70.1%
10/12/17,Everton,50.2%
13/12/17,Everton,72.0%
18/12/17,Everton,76.8%
23/12/17,Everton,69.9%
26/12/17,Everton,67.5%
30/12/17,Everton,72.3%
01/01/18,Everton,74.3%
13/01/18,Everton,70.4%
20/01/18,Everton,71.3%
31/01/18,Everton,65.5%
03/02/18,Everton,77.2%
10/02/18,Everton,73.5%
24/02/18,Everton,66.4%
03/03/18,Everton,64.8%
10/03/18,Everton,74.5%
17/03/18,Everton,76.5%
31/03/18,Everton,64.5%
07/04/18,Everton,67.5%
14/04/18,Everton,74.9%
23/04/18,Everton,73.9%
28/04/18,Everton,68.9%
05/05/18,Everton,76.2%
13/05/18,Everton,76.1%
11/08/18,Everton,72.8%
18/08/18,Everton,72.3%
25/08/18,Everton,77.0%
01/09/18,Everton,80.1%
16/09/18,Everton,75.8%
23/09/18,Everton,72.1%
29/09/18,Everton,77.0%
06/10/18,Everton,71.3%
21/10/18,Everton,80.4%
28/10/18,Everton,78.2%
03/11/18,Everton,78.2%
11/11/18,Everton,73.6%
24/11/18,Everton,78.3%
02/12/18,Everton,71.7%
05/12/18,Everton,79.9%
10/12/18,Everton,75.3%
15/12/18,Everton,75.7%
23/12/18,Everton,73.7%
26/12/18,Everton,70.5%
29/12/18,Everton,73.2%
01/01/19,Everton,71.8%
13/01/19,Everton,73.1%
19/01/19,Everton,71.9%
29/01/19,Everton,71.4%
02/02/19,Everton,78.7%
06/02/19,Everton,72.8%
09/02/19,Everton,71.9%
26/02/19,Everton,76.8%
03/03/19,Everton,62.9%
09/03/19,Everton,73.1%
17/03/19,Everton,72.0%
30/03/19,Everton,76.4%
07/04/19,Everton,75.5%
13/04/19,Everton,74.4%
21/04/19,Everton,75.7%
27/04/19,Everton,76.4%
03/05/19,Everton,80.8%
12/05/19,Everton,79.9%
10/08/19,Everton,78.5%
17/08/19,Everton,66.4%
23/08/19,Everton,78.4%
01/09/19,Everton,78.3%
15/09/19,Everton,74.5%
21/09/19,Everton,79.1%
28/09/19,Everton,79.0%
05/10/19,Everton,74.1%
19/10/19,Everton,70.8%
26/10/19,Everton,78.3%
03/11/19,Everton,72.9%
09/11/19,Everton,69.7%
23/11/19,Everton,73.2%
01/12/19,Everton,65.2%
04/12/19,Everton,68.6%
07/12/19,Everton,60.6%
15/12/19,Everton,64.3%
21/12/19,Everton,75.3%
26/12/19,Everton,79.0%
28/12/19,Everton,76.7%
01/01/20,Everton,76.9%
11/01/20,Everton,76.2%
18/01/20,Everton,76.5%
21/01/20,Everton,81.5%
01/02/20,Everton,72.4%
08/02/20,Everton,71.5%
23/02/20,Everton,82.6%
01/03/20,Everton,70.1%
08/03/20,Everton,77.6%
21/06/20,Everton,67.1%
24/06/20,Everton,78.7%
01/07/20,Everton,73.7%
06/07/20,Everton,78.3%
09/07/20,Everton,71.8%
12/07/20,Everton,80.8%
16/07/20,Everton,81.9%
20/07/20,Everton,77.7%
26/07/20,Everton,85.2%
13/09/20,Everton,83.3%
19/09/20,Everton,87.9%
26/09/20,Everton,81.1%
03/10/20,Everton,84.1%
17/10/20,Everton,73.7%
25/10/20,Everton,82.5%
01/11/20,Everton,87.4%
07/11/20,Everton,81.3%
22/11/20,Everton,75.7%
28/11/20,Everton,77.1%
05/12/20,Everton,80.4%
12/12/20,Everton,63.3%
16/12/20,Everton,74.4%
19/12/20,Everton,79.0%
26/12/20,Everton,77.7%
01/01/21,Everton,81.5%
12/01/21,Everton,85.7%
27/01/21,Everton,71.6%
30/01/21,Everton,81.0%
03/02/21,Everton,72.7%
06/02/21,Everton,78.4%
14/02/21,Everton,80.9%
17/02/21,Everton,72.0%
20/02/21,Everton,65.1%
01/03/21,Everton,72.6%
04/03/21,Everton,78.4%
08/03/21,Everton,79.0%
13/03/21,Everton,78.7%
05/04/21,Everton,78.9%
12/04/21,Everton,75.2%
16/04/21,Everton,77.7%
23/04/21,Everton,80.5%
01/05/21,Everton,79.4%
09/05/21,Everton,71.2%
13/05/21,Everton,78.9%
16/05/21,Everton,84.1%
19/05/21,Everton,77.3%
23/05/21,Everton,77.4%
14/08/21,Everton,68.3%
21/08/21,Everton,66.1%
28/08/21,Everton,74.9%
13/09/21,Everton,72.4%
18/09/21,Everton,69.6%
25/09/21,Everton,77.9%
02/10/21,Everton,65.3%
17/10/21,Everton,70.1%
23/10/21,Everton,72.6%
01/11/21,Everton,73.2%
07/11/21,Everton,79.2%
21/11/21,Everton,68.1%
28/11/21,Everton,79.9%
01/12/21,Everton,60.8%
06/12/21,Everton,68.0%
12/12/21,Everton,68.0%
16/12/21,Everton,54.2%
02/01/22,Everton,70.2%
15/01/22,Everton,76.4%
22/01/22,Everton,66.7%
08/02/22,Everton,76.2%
12/02/22,Everton,74.5%
19/02/22,Everton,68.6%
26/02/22,Everton,73.7%
07/03/22,Everton,84.8%
13/03/22,Everton,73.6%
17/03/22,Everton,65.6%
03/04/22,Everton,79.2%
06/04/22,Everton,61.0%
09/04/22,Everton,65.9%
20/04/22,Everton,72.5%
24/04/22,Everton,53.9%
01/05/22,Everton,57.2%
08/05/22,Everton,72.1%
11/05/22,Everton,76.8%
15/05/22,Everton,63.4%
19/05/22,Everton,66.2%
22/05/22,Everton,64.2%
13/08/17,West Ham,76.4%
19/08/17,West Ham,67.0%
26/08/17,West Ham,74.6%
11/09/17,West Ham,67.0%
16/09/17,West Ham,81.2%
23/09/17,West Ham,67.8%
30/09/17,West Ham,74.4%
14/10/17,West Ham,64.4%
20/10/17,West Ham,80.1%
28/10/17,West Ham,69.1%
04/11/17,West Ham,74.5%
19/11/17,West Ham,75.1%
24/11/17,West Ham,73.7%
29/11/17,West Ham,76.3%
03/12/17,West Ham,67.4%
09/12/17,West Ham,68.3%
13/12/17,West Ham,69.4%
16/12/17,West Ham,76.9%
23/12/17,West Ham,73.7%
26/12/17,West Ham,68.7%
02/01/18,West Ham,79.8%
04/01/18,West Ham,63.8%
13/01/18,West Ham,68.0%
20/01/18,West Ham,69.0%
30/01/18,West Ham,65.7%
03/02/18,West Ham,71.6%
10/02/18,West Ham,56.4%
24/02/18,West Ham,69.8%
03/03/18,West Ham,77.7%
10/03/18,West Ham,75.2%
31/03/18,West Ham,67.7%
08/04/18,West Ham,73.1%
16/04/18,West Ham,74.6%
22/04/18,West Ham,65.2%
29/04/18,West Ham,70.4%
05/05/18,West Ham,71.3%
10/05/18,West Ham,81.5%
13/05/18,West Ham,80.2%
12/08/18,West Ham,79.3%
18/08/18,West Ham,78.7%
25/08/18,West Ham,73.2%
01/09/18,West Ham,78.7%
16/09/18,West Ham,74.0%
23/09/18,West Ham,71.5%
29/09/18,West Ham,80.2%
05/10/18,West Ham,81.9%
20/10/18,West Ham,78.2%
27/10/18,West Ham,68.6%
03/11/18,West Ham,79.5%
10/11/18,West Ham,75.6%
24/11/18,West Ham,72.8%
01/12/18,West Ham,68.6%
04/12/18,West Ham,74.9%
08/12/18,West Ham,78.1%
15/12/18,West Ham,72.1%
22/12/18,West Ham,72.1%
27/12/18,West Ham,75.4%
30/12/18,West Ham,73.5%
02/01/19,West Ham,77.4%
12/01/19,West Ham,77.6%
19/01/19,West Ham,81.1%
29/01/19,West Ham,74.4%
04/02/19,West Ham,63.3%
09/02/19,West Ham,72.4%
22/02/19,West Ham,79.3%
27/02/19,West Ham,68.7%
02/03/19,West Ham,82.3%
09/03/19,West Ham,79.5%
16/03/19,West Ham,83.6%
30/03/19,West Ham,75.3%
08/04/19,West Ham,76.5%
13/04/19,West Ham,77.8%
20/04/19,West Ham,78.6%
27/04/19,West Ham,69.7%
04/05/19,West Ham,79.2%
12/05/19,West Ham,86.6%
10/08/19,West Ham,78.7%
17/08/19,West Ham,70.1%
24/08/19,West Ham,78.6%
31/08/19,West Ham,81.9%
16/09/19,West Ham,80.8%
22/09/19,West Ham,76.5%
28/09/19,West Ham,74.7%
05/10/19,West Ham,81.3%
19/10/19,West Ham,68.9%
26/10/19,West Ham,76.4%
02/11/19,West Ham,83.4%
09/11/19,West Ham,73.2%
23/11/19,West Ham,75.8%
30/11/19,West Ham,69.4%
04/12/19,West Ham,79.1%
09/12/19,West Ham,75.6%
14/12/19,West Ham,59.9%
26/12/19,West Ham,71.5%
28/12/19,West Ham,69.6%
01/01/20,West Ham,76.1%
10/01/20,West Ham,72.7%
18/01/20,West Ham,74.7%
22/01/20,West Ham,66.6%
29/01/20,West Ham,71.5%
01/02/20,West Ham,69.9%
19/02/20,West Ham,68.8%
24/02/20,West Ham,62.3%
29/02/20,West Ham,56.3%
07/03/20,West Ham,65.0%
20/06/20,West Ham,73.1%
23/06/20,West Ham,71.8%
01/07/20,West Ham,71.5%
05/07/20,West Ham,74.6%
08/07/20,West Ham,71.4%
11/07/20,West Ham,81.6%
17/07/20,West Ham,59.7%
22/07/20,West Ham,76.7%
26/07/20,West Ham,80.6%
12/09/20,West Ham,78.6%
19/09/20,West Ham,78.3%
27/09/20,West Ham,75.6%
04/10/20,West Ham,68.4%
18/10/20,West Ham,77.4%
24/10/20,West Ham,67.1%
31/10/20,West Ham,67.1%
07/11/20,West Ham,84.5%
22/11/20,West Ham,78.3%
30/11/20,West Ham,61.9%
05/12/20,West Ham,75.4%
11/12/20,West Ham,69.1%
16/12/20,West Ham,82.8%
21/12/20,West Ham,74.5%
27/12/20,West Ham,73.8%
29/12/20,West Ham,69.6%
01/01/21,West Ham,73.7%
16/01/21,West Ham,66.9%
19/01/21,West Ham,80.3%
26/01/21,West Ham,74.7%
31/01/21,West Ham,73.9%
03/02/21,West Ham,76.0%
06/02/21,West Ham,72.5%
15/02/21,West Ham,79.7%
21/02/21,West Ham,60.3%
27/02/21,West Ham,79.1%
08/03/21,West Ham,68.1%
14/03/21,West Ham,78.1%
21/03/21,West Ham,71.3%
05/04/21,West Ham,72.3%
11/04/21,West Ham,71.5%
17/04/21,West Ham,82.0%
24/04/21,West Ham,74.3%
03/05/21,West Ham,76.5%
09/05/21,West Ham,85.5%
15/05/21,West Ham,83.8%
19/05/21,West Ham,69.8%
23/05/21,West Ham,66.8%
15/08/21,West Ham,82.6%
23/08/21,West Ham,82.7%
28/08/21,West Ham,75.2%
11/09/21,West Ham,83.5%
19/09/21,West Ham,80.3%
25/09/21,West Ham,75.2%
03/10/21,West Ham,70.8%
17/10/21,West Ham,80.0%
24/10/21,West Ham,78.0%
31/10/21,West Ham,80.2%
07/11/21,West Ham,68.7%
20/11/21,West Ham,83.3%
28/11/21,West Ham,74.5%
01/12/21,West Ham,68.5%
04/12/21,West Ham,73.0%
12/12/21,West Ham,71.1%
15/12/21,West Ham,78.6%
26/12/21,West Ham,75.3%
28/12/21,West Ham,72.2%
01/01/22,West Ham,72.4%
12/01/22,West Ham,81.7%
16/01/22,West Ham,69.3%
22/01/22,West Ham,72.6%
08/02/22,West Ham,78.9%
13/02/22,West Ham,76.5%
19/02/22,West Ham,73.5%
27/02/22,West Ham,76.5%
05/03/22,West Ham,70.4%
13/03/22,West Ham,80.2%
20/03/22,West Ham,87.3%
03/04/22,West Ham,81.9%
10/04/22,West Ham,82.1%
17/04/22,West Ham,80.9%
24/04/22,West Ham,72.6%
01/05/22,West Ham,83.5%
08/05/22,West Ham,88.8%
15/05/22,West Ham,64.7%
22/05/22,West Ham,78.0%
13/08/17,Newcastle,62.8%
20/08/17,Newcastle,70.2%
26/08/17,Newcastle,61.7%
10/09/17,Newcastle,71.1%
16/09/17,Newcastle,68.1%
24/09/17,Newcastle,77.7%
01/10/17,Newcastle,65.0%
15/10/17,Newcastle,70.8%
21/10/17,Newcastle,77.4%
30/10/17,Newcastle,76.7%
04/11/17,Newcastle,70.6%
18/11/17,Newcastle,74.8%
25/11/17,Newcastle,75.5%
28/11/17,Newcastle,77.0%
02/12/17,Newcastle,75.4%
09/12/17,Newcastle,67.0%
13/12/17,Newcastle,73.7%
16/12/17,Newcastle,65.4%
23/12/17,Newcastle,60.8%
27/12/17,Newcastle,60.4%
30/12/17,Newcastle,69.8%
01/01/18,Newcastle,66.4%
13/01/18,Newcastle,73.2%
20/01/18,Newcastle,58.2%
31/01/18,Newcastle,69.3%
04/02/18,Newcastle,68.7%
11/02/18,Newcastle,68.5%
24/02/18,Newcastle,67.2%
03/03/18,Newcastle,66.6%
10/03/18,Newcastle,63.3%
31/03/18,Newcastle,78.8%
07/04/18,Newcastle,58.5%
15/04/18,Newcastle,63.4%
23/04/18,Newcastle,62.0%
28/04/18,Newcastle,78.8%
05/05/18,Newcastle,79.8%
09/05/18,Newcastle,65.4%
13/05/18,Newcastle,75.6%
11/08/18,Newcastle,68.3%
18/08/18,Newcastle,59.8%
26/08/18,Newcastle,63.9%
01/09/18,Newcastle,62.8%
15/09/18,Newcastle,64.0%
22/09/18,Newcastle,67.4%
29/09/18,Newcastle,72.1%
06/10/18,Newcastle,57.1%
20/10/18,Newcastle,78.0%
27/10/18,Newcastle,70.4%
03/11/18,Newcastle,64.8%
10/11/18,Newcastle,65.6%
26/11/18,Newcastle,78.7%
01/12/18,Newcastle,78.8%
05/12/18,Newcastle,62.5%
09/12/18,Newcastle,76.1%
15/12/18,Newcastle,55.2%
22/12/18,Newcastle,77.5%
26/12/18,Newcastle,61.9%
29/12/18,Newcastle,67.6%
02/01/19,Newcastle,70.0%
12/01/19,Newcastle,72.9%
19/01/19,Newcastle,73.3%
29/01/19,Newcastle,62.8%
02/02/19,Newcastle,66.8%
11/02/19,Newcastle,72.2%
23/02/19,Newcastle,80.1%
26/02/19,Newcastle,72.4%
02/03/19,Newcastle,76.6%
09/03/19,Newcastle,67.2%
16/03/19,Newcastle,73.6%
01/04/19,Newcastle,64.2%
06/04/19,Newcastle,78.2%
12/04/19,Newcastle,62.1%
20/04/19,Newcastle,62.1%
27/04/19,Newcastle,80.1%
04/05/19,Newcastle,67.2%
12/05/19,Newcastle,78.3%
11/08/19,Newcastle,74.6%
17/08/19,Newcastle,77.9%
25/08/19,Newcastle,73.1%
31/08/19,Newcastle,73.6%
14/09/19,Newcastle,70.0%
21/09/19,Newcastle,68.1%
29/09/19,Newcastle,75.8%
06/10/19,Newcastle,70.2%
19/10/19,Newcastle,65.5%
27/10/19,Newcastle,76.2%
02/11/19,Newcastle,64.9%
09/11/19,Newcastle,66.6%
25/11/19,Newcastle,74.3%
30/11/19,Newcastle,60.2%
05/12/19,Newcastle,64.2%
08/12/19,Newcastle,66.4%
14/12/19,Newcastle,70.6%
21/12/19,Newcastle,73.5%
26/12/19,Newcastle,71.8%
28/12/19,Newcastle,70.0%
01/01/20,Newcastle,66.2%
11/01/20,Newcastle,71.6%
18/01/20,Newcastle,66.0%
21/01/20,Newcastle,77.4%
01/02/20,Newcastle,75.0%
16/02/20,Newcastle,77.2%
22/02/20,Newcastle,75.5%
29/02/20,Newcastle,64.3%
07/03/20,Newcastle,78.1%
21/06/20,Newcastle,79.9%
24/06/20,Newcastle,75.1%
01/07/20,Newcastle,77.8%
05/07/20,Newcastle,79.3%
08/07/20,Newcastle,72.2%
11/07/20,Newcastle,69.8%
15/07/20,Newcastle,84.9%
20/07/20,Newcastle,73.2%
26/07/20,Newcastle,65.0%
12/09/20,Newcastle,74.9%
20/09/20,Newcastle,73.5%
27/09/20,Newcastle,74.2%
03/10/20,Newcastle,73.1%
17/10/20,Newcastle,71.4%
25/10/20,Newcastle,80.1%
01/11/20,Newcastle,76.9%
06/11/20,Newcastle,74.6%
21/11/20,Newcastle,69.1%
27/11/20,Newcastle,72.9%
12/12/20,Newcastle,77.6%
16/12/20,Newcastle,65.0%
19/12/20,Newcastle,79.1%
26/12/20,Newcastle,72.6%
30/12/20,Newcastle,63.1%
03/01/21,Newcastle,67.5%
12/01/21,Newcastle,67.9%
18/01/21,Newcastle,71.7%
23/01/21,Newcastle,73.7%
26/01/21,Newcastle,67.4%
30/01/21,Newcastle,71.0%
02/02/21,Newcastle,82.4%
06/02/21,Newcastle,56.2%
15/02/21,Newcastle,74.8%
21/02/21,Newcastle,66.7%
27/02/21,Newcastle,80.8%
07/03/21,Newcastle,64.9%
12/03/21,Newcastle,69.3%
20/03/21,Newcastle,79.7%
04/04/21,Newcastle,70.9%
11/04/21,Newcastle,66.5%
17/04/21,Newcastle,73.9%
24/04/21,Newcastle,77.8%
02/05/21,Newcastle,83.6%
07/05/21,Newcastle,69.7%
14/05/21,Newcastle,67.0%
19/05/21,Newcastle,87.1%
23/05/21,Newcastle,77.7%
15/08/21,Newcastle,81.1%
21/08/21,Newcastle,75.1%
28/08/21,Newcastle,67.4%
11/09/21,Newcastle,80.4%
17/09/21,Newcastle,69.8%
25/09/21,Newcastle,73.6%
02/10/21,Newcastle,76.5%
17/10/21,Newcastle,77.2%
23/10/21,Newcastle,61.0%
30/10/21,Newcastle,62.7%
06/11/21,Newcastle,76.7%
20/11/21,Newcastle,71.3%
27/11/21,Newcastle,77.1%
30/11/21,Newcastle,68.9%
04/12/21,Newcastle,64.0%
12/12/21,Newcastle,78.0%
16/12/21,Newcastle,60.5%
19/12/21,Newcastle,77.5%
27/12/21,Newcastle,63.8%
15/01/22,Newcastle,73.7%
22/01/22,Newcastle,66.7%
08/02/22,Newcastle,65.4%
13/02/22,Newcastle,66.4%
19/02/22,Newcastle,75.3%
26/02/22,Newcastle,80.2%
05/03/22,Newcastle,62.3%
10/03/22,Newcastle,67.5%
13/03/22,Newcastle,60.1%
17/03/22,Newcastle,75.7%
03/04/22,Newcastle,82.4%
08/04/22,Newcastle,78.6%
17/04/22,Newcastle,64.8%
20/04/22,Newcastle,73.3%
23/04/22,Newcastle,81.9%
30/04/22,Newcastle,63.2%
08/05/22,Newcastle,74.6%
16/05/22,Newcastle,74.7%
22/05/22,Newcastle,70.7%
11/08/18,Wolves,79.7%
18/08/18,Wolves,78.0%
25/08/18,Wolves,66.1%
01/09/18,Wolves,81.3%
16/09/18,Wolves,80.6%
22/09/18,Wolves,73.6%
29/09/18,Wolves,81.7%
06/10/18,Wolves,66.7%
20/10/18,Wolves,75.3%
27/10/18,Wolves,81.0%
03/11/18,Wolves,78.6%
11/11/18,Wolves,71.1%
25/11/18,Wolves,74.6%
30/11/18,Wolves,67.3%
05/12/18,Wolves,71.2%
09/12/18,Wolves,77.0%
15/12/18,Wolves,70.7%
21/12/18,Wolves,74.7%
26/12/18,Wolves,83.8%
29/12/18,Wolves,77.0%
02/01/19,Wolves,80.3%
14/01/19,Wolves,67.0%
19/01/19,Wolves,68.8%
29/01/19,Wolves,79.3%
02/02/19,Wolves,67.0%
11/02/19,Wolves,78.2%
23/02/19,Wolves,73.5%
26/02/19,Wolves,76.7%
02/03/19,Wolves,78.4%
10/03/19,Wolves,70.3%
30/03/19,Wolves,75.7%
02/04/19,Wolves,80.0%
13/04/19,Wolves,79.6%
20/04/19,Wolves,85.8%
24/04/19,Wolves,73.7%
27/04/19,Wolves,72.5%
04/05/19,Wolves,73.6%
12/05/19,Wolves,75.3%
11/08/19,Wolves,69.5%
19/08/19,Wolves,72.5%
25/08/19,Wolves,78.7%
01/09/19,Wolves,64.7%
14/09/19,Wolves,76.2%
22/09/19,Wolves,76.7%
28/09/19,Wolves,76.3%
06/10/19,Wolves,64.8%
19/10/19,Wolves,76.7%
27/10/19,Wolves,82.5%
02/11/19,Wolves,77.3%
10/11/19,Wolves,78.0%
23/11/19,Wolves,84.0%
01/12/19,Wolves,78.8%
04/12/19,Wolves,79.5%
08/12/19,Wolves,72.3%
15/12/19,Wolves,74.0%
21/12/19,Wolves,79.2%
27/12/19,Wolves,85.9%
29/12/19,Wolves,71.0%
01/01/20,Wolves,81.5%
11/01/20,Wolves,83.3%
18/01/20,Wolves,63.3%
23/01/20,Wolves,79.4%
01/02/20,Wolves,77.6%
14/02/20,Wolves,72.2%
23/02/20,Wolves,76.6%
01/03/20,Wolves,73.5%
07/03/20,Wolves,74.1%
20/06/20,Wolves,80.3%
24/06/20,Wolves,79.5%
27/06/20,Wolves,79.0%
04/07/20,Wolves,83.7%
08/07/20,Wolves,79.4%
12/07/20,Wolves,84.6%
15/07/20,Wolves,74.2%
20/07/20,Wolves,79.6%
26/07/20,Wolves,68.5%
14/09/20,Wolves,77.3%
21/09/20,Wolves,75.2%
27/09/20,Wolves,85.2%
04/10/20,Wolves,84.0%
19/10/20,Wolves,66.2%
25/10/20,Wolves,89.1%
30/10/20,Wolves,82.3%
08/11/20,Wolves,80.1%
23/11/20,Wolves,78.0%
29/11/20,Wolves,79.2%
06/12/20,Wolves,80.2%
12/12/20,Wolves,74.3%
15/12/20,Wolves,78.1%
21/12/20,Wolves,80.7%
27/12/20,Wolves,82.4%
29/12/20,Wolves,80.3%
02/01/21,Wolves,81.5%
12/01/21,Wolves,87.9%
16/01/21,Wolves,81.2%
27/01/21,Wolves,70.9%
30/01/21,Wolves,85.7%
02/02/21,Wolves,87.4%
07/02/21,Wolves,79.1%
14/02/21,Wolves,73.3%
19/02/21,Wolves,73.4%
27/02/21,Wolves,78.4%
02/03/21,Wolves,81.8%
06/03/21,Wolves,79.5%
15/03/21,Wolves,76.2%
05/04/21,Wolves,85.2%
09/04/21,Wolves,81.3%
17/04/21,Wolves,84.1%
25/04/21,Wolves,75.5%
03/05/21,Wolves,75.9%
09/05/21,Wolves,85.5%
16/05/21,Wolves,80.5%
19/05/21,Wolves,81.3%
23/05/21,Wolves,85.3%
14/08/21,Wolves,80.8%
22/08/21,Wolves,80.5%
29/08/21,Wolves,78.6%
11/09/21,Wolves,86.7%
18/09/21,Wolves,81.6%
26/09/21,Wolves,74.5%
02/10/21,Wolves,84.0%
16/10/21,Wolves,76.4%
23/10/21,Wolves,67.1%
01/11/21,Wolves,84.3%
06/11/21,Wolves,73.7%
20/11/21,Wolves,82.8%
27/11/21,Wolves,84.7%
01/12/21,Wolves,77.4%
04/12/21,Wolves,70.2%
11/12/21,Wolves,75.8%
15/12/21,Wolves,75.8%
19/12/21,Wolves,76.6%
03/01/22,Wolves,79.4%
15/01/22,Wolves,72.2%
22/01/22,Wolves,74.7%
10/02/22,Wolves,78.2%
13/02/22,Wolves,75.4%
20/02/22,Wolves,77.5%
24/02/22,Wolves,74.4%
27/02/22,Wolves,83.4%
05/03/22,Wolves,78.9%
10/03/22,Wolves,87.5%
13/03/22,Wolves,85.9%
18/03/22,Wolves,79.7%
02/04/22,Wolves,79.0%
08/04/22,Wolves,81.9%
24/04/22,Wolves,81.7%
30/04/22,Wolves,79.0%
07/05/22,Wolves,77.2%
11/05/22,Wolves,81.3%
15/05/22,Wolves,87.6%
22/05/22,Wolves,79.8%
12/08/17,Brighton,58.9%
19/08/17,Brighton,80.8%
26/08/17,Brighton,79.1%
09/09/17,Brighton,79.3%
15/09/17,Brighton,72.1%
24/09/17,Brighton,74.9%
01/10/17,Brighton,72.9%
15/10/17,Brighton,69.9%
20/10/17,Brighton,71.9%
29/10/17,Brighton,78.4%
04/11/17,Brighton,68.0%
20/11/17,Brighton,76.6%
25/11/17,Brighton,75.0%
28/11/17,Brighton,71.4%
02/12/17,Brighton,80.0%
09/12/17,Brighton,66.8%
13/12/17,Brighton,64.3%
16/12/17,Brighton,74.5%
23/12/17,Brighton,74.5%
26/12/17,Brighton,75.3%
30/12/17,Brighton,75.5%
01/01/18,Brighton,73.6%
13/01/18,Brighton,73.5%
20/01/18,Brighton,75.3%
31/01/18,Brighton,64.6%
03/02/18,Brighton,72.4%
10/02/18,Brighton,62.8%
24/02/18,Brighton,74.4%
04/03/18,Brighton,68.3%
10/03/18,Brighton,61.0%
31/03/18,Brighton,69.0%
07/04/18,Brighton,65.4%
14/04/18,Brighton,69.0%
17/04/18,Brighton,67.8%
28/04/18,Brighton,70.6%
04/05/18,Brighton,68.3%
09/05/18,Brighton,77.1%
13/05/18,Brighton,68.5%
11/08/18,Brighton,74.4%
19/08/18,Brighton,64.0%
25/08/18,Brighton,70.8%
01/09/18,Brighton,72.8%
17/09/18,Brighton,75.4%
22/09/18,Brighton,70.4%
29/09/18,Brighton,64.8%
05/10/18,Brighton,66.6%
20/10/18,Brighton,60.1%
27/10/18,Brighton,69.8%
03/11/18,Brighton,67.0%
10/11/18,Brighton,64.1%
24/11/18,Brighton,73.7%
01/12/18,Brighton,82.6%
04/12/18,Brighton,68.4%
08/12/18,Brighton,74.2%
16/12/18,Brighton,78.3%
22/12/18,Brighton,72.2%
26/12/18,Brighton,72.3%
29/12/18,Brighton,68.2%
02/01/19,Brighton,74.2%
12/01/19,Brighton,65.8%
19/01/19,Brighton,76.4%
29/01/19,Brighton,71.8%
02/02/19,Brighton,74.1%
09/02/19,Brighton,75.6%
26/02/19,Brighton,76.3%
02/03/19,Brighton,79.4%
09/03/19,Brighton,71.5%
30/03/19,Brighton,72.2%
03/04/19,Brighton,77.7%
13/04/19,Brighton,76.2%
16/04/19,Brighton,75.8%
20/04/19,Brighton,70.2%
23/04/19,Brighton,52.7%
27/04/19,Brighton,77.9%
05/05/19,Brighton,68.2%
12/05/19,Brighton,70.6%
10/08/19,Brighton,76.4%
17/08/19,Brighton,78.4%
24/08/19,Brighton,73.1%
31/08/19,Brighton,84.7%
14/09/19,Brighton,74.0%
21/09/19,Brighton,86.7%
28/09/19,Brighton,81.6%
05/10/19,Brighton,81.0%
19/10/19,Brighton,82.6%
26/10/19,Brighton,80.6%
02/11/19,Brighton,82.5%
10/11/19,Brighton,79.4%
23/11/19,Brighton,81.1%
30/11/19,Brighton,82.1%
05/12/19,Brighton,79.7%
08/12/19,Brighton,80.8%
16/12/19,Brighton,81.1%
21/12/19,Brighton,80.7%
26/12/19,Brighton,78.1%
28/12/19,Brighton,79.5%
01/01/20,Brighton,76.9%
11/01/20,Brighton,72.7%
18/01/20,Brighton,77.7%
21/01/20,Brighton,81.4%
01/02/20,Brighton,82.3%
08/02/20,Brighton,80.7%
22/02/20,Brighton,66.7%
29/02/20,Brighton,80.0%
07/03/20,Brighton,81.4%
20/06/20,Brighton,76.2%
23/06/20,Brighton,68.1%
30/06/20,Brighton,78.6%
04/07/20,Brighton,80.9%
08/07/20,Brighton,75.9%
11/07/20,Brighton,75.1%
16/07/20,Brighton,58.9%
20/07/20,Brighton,85.6%
26/07/20,Brighton,74.0%
14/09/20,Brighton,80.4%
20/09/20,Brighton,79.1%
26/09/20,Brighton,81.6%
03/10/20,Brighton,83.1%
18/10/20,Brighton,81.7%
26/10/20,Brighton,79.2%
01/11/20,Brighton,78.5%
06/11/20,Brighton,79.7%
21/11/20,Brighton,78.7%
28/11/20,Brighton,75.5%
07/12/20,Brighton,70.2%
13/12/20,Brighton,79.6%
16/12/20,Brighton,70.7%
20/12/20,Brighton,82.1%
27/12/20,Brighton,80.6%
29/12/20,Brighton,80.3%
02/01/21,Brighton,85.1%
13/01/21,Brighton,75.5%
16/01/21,Brighton,66.1%
27/01/21,Brighton,67.7%
31/01/21,Brighton,77.8%
03/02/21,Brighton,73.7%
06/02/21,Brighton,74.7%
13/02/21,Brighton,79.4%
22/02/21,Brighton,85.1%
27/02/21,Brighton,79.7%
06/03/21,Brighton,71.9%
14/03/21,Brighton,66.5%
20/03/21,Brighton,88.1%
04/04/21,Brighton,74.7%
12/04/21,Brighton,79.7%
20/04/21,Brighton,75.2%
24/04/21,Brighton,85.2%
01/05/21,Brighton,79.4%
09/05/21,Brighton,81.1%
15/05/21,Brighton,84.6%
18/05/21,Brighton,87.6%
23/05/21,Brighton,85.2%
14/08/21,Brighton,81.6%
21/08/21,Brighton,83.7%
28/08/21,Brighton,85.7%
11/09/21,Brighton,77.9%
19/09/21,Brighton,74.9%
27/09/21,Brighton,81.0%
02/10/21,Brighton,81.8%
16/10/21,Brighton,82.8%
23/10/21,Brighton,82.5%
30/10/21,Brighton,76.3%
06/11/21,Brighton,89.3%
20/11/21,Brighton,86.7%
27/11/21,Brighton,75.7%
01/12/21,Brighton,84.0%
04/12/21,Brighton,69.6%
15/12/21,Brighton,81.4%
26/12/21,Brighton,78.3%
29/12/21,Brighton,77.6%
02/01/22,Brighton,71.7%
14/01/22,Brighton,79.6%
18/01/22,Brighton,79.2%
23/01/22,Brighton,79.2%
12/02/22,Brighton,77.8%
15/02/22,Brighton,82.5%
19/02/22,Brighton,81.6%
26/02/22,Brighton,85.1%
05/03/22,Brighton,79.8%
12/03/22,Brighton,77.4%
16/03/22,Brighton,82.3%
02/04/22,Brighton,77.7%
09/04/22,Brighton,68.7%
16/04/22,Brighton,81.6%
20/04/22,Brighton,71.7%
24/04/22,Brighton,64.3%
30/04/22,Brighton,81.7%
07/05/22,Brighton,75.4%
15/05/22,Brighton,74.4%
22/05/22,Brighton,80.8%
